mapping_version	consumer_row_key_v1	consumer_manifest_ordinal	consumer_go_symbol	dependency_kind	owner_kind	owner_logical_id	owner_go_symbol_or_empty	evidence_anchor
v1	rk-v1-512dd68afebe62d40e9920d45ea6a780fc3cea6a767e0c2961755e73a01b7cef	1	AutodetectEncoding	wrapper_delegate	row	rk-v1-84bdeaeb5d6138a461fb1ccd74b4d0f22128a3bb85327bd9b49cb9b5b9aa6577	DetectEncodings	611becc2a08c27a4edc77d9a45ff74c97130129b:include/simdutf/implementation.h:202;dependency:DetectEncodings
v1	rk-v1-84bdeaeb5d6138a461fb1ccd74b4d0f22128a3bb85327bd9b49cb9b5b9aa6577	2	DetectEncodings	none	none			docs/porting/simdutf-port-v1/inputs/planned-rows-v1.tsv:3;611becc2a08c27a4edc77d9a45ff74c97130129b:include/simdutf/implementation.h:238
v1	rk-v1-a52cedcdbe49ab966c5c1d460c3fa50ce38c5e93f1ac07b8e8ce8fcfa73ba3be	3	ValidateUTF16	wrapper_delegate	row	rk-v1-8d5736e31439e82c6c3124a1eca6edf59cec453a5b7a9f32e9099960e8bca489	ValidateUTF16LE	docs/porting/simdutf-port-v1/inputs/planned-rows-v1.tsv:4;611becc2a08c27a4edc77d9a45ff74c97130129b:include/simdutf/implementation.h:477
v1	rk-v1-a52cedcdbe49ab966c5c1d460c3fa50ce38c5e93f1ac07b8e8ce8fcfa73ba3be	3	ValidateUTF16	wrapper_delegate	row	rk-v1-ad34c01660ce58c1c164b0fd72c1d6d352a7b816edd39fb68c8d90ff2aaf90ce	ValidateUTF16BE	docs/porting/simdutf-port-v1/inputs/planned-rows-v1.tsv:4;611becc2a08c27a4edc77d9a45ff74c97130129b:include/simdutf/implementation.h:477
v1	rk-v1-8d5736e31439e82c6c3124a1eca6edf59cec453a5b7a9f32e9099960e8bca489	4	ValidateUTF16LE	none	none			docs/porting/simdutf-port-v1/inputs/planned-rows-v1.tsv:5;611becc2a08c27a4edc77d9a45ff74c97130129b:include/simdutf/implementation.h:510
v1	rk-v1-ad34c01660ce58c1c164b0fd72c1d6d352a7b816edd39fb68c8d90ff2aaf90ce	5	ValidateUTF16BE	none	none			docs/porting/simdutf-port-v1/inputs/planned-rows-v1.tsv:6;611becc2a08c27a4edc77d9a45ff74c97130129b:include/simdutf/implementation.h:543
v1	rk-v1-47f5dfd270841a1944b531421099b8caea100012bf1eec46019a79b3e8bc74b4	6	ValidateUTF16WithErrors	wrapper_delegate	row	rk-v1-34e8babc50eba5d4c910fc6e9269e486d874d1d99cea1cbc37eaf51751d2b8e3	ValidateUTF16BEWithErrors	docs/porting/simdutf-port-v1/inputs/planned-rows-v1.tsv:7;611becc2a08c27a4edc77d9a45ff74c97130129b:include/simdutf/implementation.h:576
v1	rk-v1-47f5dfd270841a1944b531421099b8caea100012bf1eec46019a79b3e8bc74b4	6	ValidateUTF16WithErrors	wrapper_delegate	row	rk-v1-55f826b04d8bbbc821d5ede4c30459a30f115e30782db16a8f89b91d1f2a40d5	ValidateUTF16LEWithErrors	docs/porting/simdutf-port-v1/inputs/planned-rows-v1.tsv:7;611becc2a08c27a4edc77d9a45ff74c97130129b:include/simdutf/implementation.h:576
v1	rk-v1-55f826b04d8bbbc821d5ede4c30459a30f115e30782db16a8f89b91d1f2a40d5	7	ValidateUTF16LEWithErrors	none	none			docs/porting/simdutf-port-v1/inputs/planned-rows-v1.tsv:8;611becc2a08c27a4edc77d9a45ff74c97130129b:include/simdutf/implementation.h:609
v1	rk-v1-34e8babc50eba5d4c910fc6e9269e486d874d1d99cea1cbc37eaf51751d2b8e3	8	ValidateUTF16BEWithErrors	none	none			docs/porting/simdutf-port-v1/inputs/planned-rows-v1.tsv:9;611becc2a08c27a4edc77d9a45ff74c97130129b:include/simdutf/implementation.h:642
v1	rk-v1-fa4941b5d09f0fc5d20e089cf7dee9c8e5b31b949b42bb594a246fc8d4f806d9	9	ToWellFormedUTF16LE	none	none			docs/porting/simdutf-port-v1/inputs/planned-rows-v1.tsv:10;611becc2a08c27a4edc77d9a45ff74c97130129b:include/simdutf/implementation.h:671
v1	rk-v1-8a9d078d2fb7ab56a36f41071ed71d96b4fe16b4d712078637a5f48c3ed5045d	10	ToWellFormedUTF16BE	none	none			docs/porting/simdutf-port-v1/inputs/planned-rows-v1.tsv:11;611becc2a08c27a4edc77d9a45ff74c97130129b:include/simdutf/implementation.h:701
v1	rk-v1-991029ba6b52152f9a1571ba06b800a76de5a02e83c4f62d10c9998125426e33	11	ToWellFormedUTF16	wrapper_delegate	row	rk-v1-8a9d078d2fb7ab56a36f41071ed71d96b4fe16b4d712078637a5f48c3ed5045d	ToWellFormedUTF16BE	docs/porting/simdutf-port-v1/inputs/planned-rows-v1.tsv:12;611becc2a08c27a4edc77d9a45ff74c97130129b:include/simdutf/implementation.h:731
v1	rk-v1-991029ba6b52152f9a1571ba06b800a76de5a02e83c4f62d10c9998125426e33	11	ToWellFormedUTF16	wrapper_delegate	row	rk-v1-fa4941b5d09f0fc5d20e089cf7dee9c8e5b31b949b42bb594a246fc8d4f806d9	ToWellFormedUTF16LE	docs/porting/simdutf-port-v1/inputs/planned-rows-v1.tsv:12;611becc2a08c27a4edc77d9a45ff74c97130129b:include/simdutf/implementation.h:731
v1	rk-v1-a582c3ac7b835ea738ec32f2f84d7ab1ea6b15b0c37abc2fccc381312b1c7fd4	12	ValidateUTF32	none	none			docs/porting/simdutf-port-v1/inputs/planned-rows-v1.tsv:13;611becc2a08c27a4edc77d9a45ff74c97130129b:include/simdutf/implementation.h:766
v1	rk-v1-510cb2e89abfbdf685b739d49e1d16b73c0196ab875e6038daa1130ccc4d872a	13	ValidateUTF32WithErrors	none	none			docs/porting/simdutf-port-v1/inputs/planned-rows-v1.tsv:14;611becc2a08c27a4edc77d9a45ff74c97130129b:include/simdutf/implementation.h:801
v1	rk-v1-972dd5af819d6bf5975987c4e9b5ead848e7157f7ca559c2d64f0731fde66c33	14	ConvertLatin1ToUTF8	none	none			docs/porting/simdutf-port-v1/inputs/planned-rows-v1.tsv:15;611becc2a08c27a4edc77d9a45ff74c97130129b:include/simdutf/implementation.h:830
v1	rk-v1-b69f3bf5377207cd540d0166f58711701cc9ab5f31e9a7470b6da002a935d8e1	15	ConvertLatin1ToUTF8Safe	wrapper_delegate	row	rk-v1-972dd5af819d6bf5975987c4e9b5ead848e7157f7ca559c2d64f0731fde66c33	ConvertLatin1ToUTF8	611becc2a08c27a4edc77d9a45ff74c97130129b:include/simdutf/implementation.h:868;dependency:ConvertLatin1ToUTF8
v1	rk-v1-5839788da525de964d656abf2328df3bfd42f03e70e74a3acea579f2777407d5	16	ConvertLatin1ToUTF16LE	none	none			docs/porting/simdutf-port-v1/inputs/planned-rows-v1.tsv:17;611becc2a08c27a4edc77d9a45ff74c97130129b:include/simdutf/implementation.h:907
v1	rk-v1-5a13a85c8739413c08a3d25460a6d4a26126db6ce67061b5c99bdbe1eb1e7705	17	ConvertLatin1ToUTF16BE	none	none			docs/porting/simdutf-port-v1/inputs/planned-rows-v1.tsv:18;611becc2a08c27a4edc77d9a45ff74c97130129b:include/simdutf/implementation.h:938
v1	rk-v1-c88c399ce55a80a881254ffe7d4fe9e65c0be0b3798430f6fd0e256b4b8bea39	18	Latin1LengthFromUTF16	none	none			docs/porting/simdutf-port-v1/inputs/planned-rows-v1.tsv:19;611becc2a08c27a4edc77d9a45ff74c97130129b:include/simdutf/implementation.h:966
v1	rk-v1-517ddacb8f5348d328ea320d92b814a4dea9f60649730de1f691da87088fecc8	19	UTF16LengthFromLatin1	none	none			docs/porting/simdutf-port-v1/inputs/planned-rows-v1.tsv:20;611becc2a08c27a4edc77d9a45ff74c97130129b:include/simdutf/implementation.h:979
v1	rk-v1-4b75dfa5c096a1059a63e72185d90ae7f91ac816a55e0c2d20b3ef1653af70ee	20	ConvertLatin1ToUTF32	none	none			docs/porting/simdutf-port-v1/inputs/planned-rows-v1.tsv:21;611becc2a08c27a4edc77d9a45ff74c97130129b:include/simdutf/implementation.h:995
v1	rk-v1-334da19fcd4da3dbaff52595de4658b6bea7113a6ecaf9eeb7bad1c291566dfb	21	ConvertUTF8ToLatin1	none	none			docs/porting/simdutf-port-v1/inputs/planned-rows-v1.tsv:22;611becc2a08c27a4edc77d9a45ff74c97130129b:include/simdutf/implementation.h:1030
v1	rk-v1-558f74c98fd2cc4d188820da2ffbfd7b325f33fb621434c858f6c14a45de60a1	22	ConvertUTF8ToUTF16	wrapper_delegate	row	rk-v1-48216e44d797fcd76913dab6a14ceb5cec3584f138779e779713e0750589af05	ConvertUTF8ToUTF16LE	docs/porting/simdutf-port-v1/inputs/planned-rows-v1.tsv:23;611becc2a08c27a4edc77d9a45ff74c97130129b:include/simdutf/implementation.h:1067
v1	rk-v1-558f74c98fd2cc4d188820da2ffbfd7b325f33fb621434c858f6c14a45de60a1	22	ConvertUTF8ToUTF16	wrapper_delegate	row	rk-v1-68c931a1231b7648338c0c4c35c72209a46869af1f8518ff14395a9e0d5dd5a6	ConvertUTF8ToUTF16BE	docs/porting/simdutf-port-v1/inputs/planned-rows-v1.tsv:23;611becc2a08c27a4edc77d9a45ff74c97130129b:include/simdutf/implementation.h:1067
v1	rk-v1-eea7e268e8709ceb1a21f0e7d76f6506d082a02023037485b1702b4d41308861	23	UTF8LengthFromUTF16LEWithReplacement	none	none			docs/porting/simdutf-port-v1/inputs/planned-rows-v1.tsv:24;611becc2a08c27a4edc77d9a45ff74c97130129b:include/simdutf/implementation.h:1103
v1	rk-v1-38cc3a36b92829539b4cfb8eda21707747045198182e2a59a14d06ccf75fba7c	24	UTF8LengthFromUTF16BEWithReplacement	none	none			docs/porting/simdutf-port-v1/inputs/planned-rows-v1.tsv:25;611becc2a08c27a4edc77d9a45ff74c97130129b:include/simdutf/implementation.h:1139
v1	rk-v1-f53a8ab483b884045d644da024b35577ecc7acfd6377cadd1efc361df7b2c741	25	ConvertLatin1ToUTF16	wrapper_delegate	row	rk-v1-5839788da525de964d656abf2328df3bfd42f03e70e74a3acea579f2777407d5	ConvertLatin1ToUTF16LE	docs/porting/simdutf-port-v1/inputs/planned-rows-v1.tsv:26;611becc2a08c27a4edc77d9a45ff74c97130129b:include/simdutf/implementation.h:1169
v1	rk-v1-f53a8ab483b884045d644da024b35577ecc7acfd6377cadd1efc361df7b2c741	25	ConvertLatin1ToUTF16	wrapper_delegate	row	rk-v1-5a13a85c8739413c08a3d25460a6d4a26126db6ce67061b5c99bdbe1eb1e7705	ConvertLatin1ToUTF16BE	docs/porting/simdutf-port-v1/inputs/planned-rows-v1.tsv:26;611becc2a08c27a4edc77d9a45ff74c97130129b:include/simdutf/implementation.h:1169
v1	rk-v1-48216e44d797fcd76913dab6a14ceb5cec3584f138779e779713e0750589af05	26	ConvertUTF8ToUTF16LE	none	none			docs/porting/simdutf-port-v1/inputs/planned-rows-v1.tsv:27;611becc2a08c27a4edc77d9a45ff74c97130129b:include/simdutf/implementation.h:1202
v1	rk-v1-68c931a1231b7648338c0c4c35c72209a46869af1f8518ff14395a9e0d5dd5a6	27	ConvertUTF8ToUTF16BE	none	none			docs/porting/simdutf-port-v1/inputs/planned-rows-v1.tsv:28;611becc2a08c27a4edc77d9a45ff74c97130129b:include/simdutf/implementation.h:1234
v1	rk-v1-83f3c3b6744921b624fd0d52a4ce8b86c36763f30af56b98ba4f1b2064abed7f	28	ConvertUTF8ToLatin1WithErrors	none	none			docs/porting/simdutf-port-v1/inputs/planned-rows-v1.tsv:29;611becc2a08c27a4edc77d9a45ff74c97130129b:include/simdutf/implementation.h:1273
v1	rk-v1-ddcfd69a57984ca3e6b56969a19ea5464acaf9cfe27ae4fc6231dfa60ff2b5df	29	ConvertUTF8ToUTF16WithErrors	wrapper_delegate	row	rk-v1-a665bf18a3c5fef1728196e75390c757b85ce8fda291d96ba3fc677389e27026	ConvertUTF8ToUTF16LEWithErrors	docs/porting/simdutf-port-v1/inputs/planned-rows-v1.tsv:30;611becc2a08c27a4edc77d9a45ff74c97130129b:include/simdutf/implementation.h:1311
v1	rk-v1-ddcfd69a57984ca3e6b56969a19ea5464acaf9cfe27ae4fc6231dfa60ff2b5df	29	ConvertUTF8ToUTF16WithErrors	wrapper_delegate	row	rk-v1-f93956f7904c9d126425b1d54d22a864afde98918982b7b8b4ef12bbdfae1e27	ConvertUTF8ToUTF16BEWithErrors	docs/porting/simdutf-port-v1/inputs/planned-rows-v1.tsv:30;611becc2a08c27a4edc77d9a45ff74c97130129b:include/simdutf/implementation.h:1311
v1	rk-v1-a665bf18a3c5fef1728196e75390c757b85ce8fda291d96ba3fc677389e27026	30	ConvertUTF8ToUTF16LEWithErrors	none	none			docs/porting/simdutf-port-v1/inputs/planned-rows-v1.tsv:31;611becc2a08c27a4edc77d9a45ff74c97130129b:include/simdutf/implementation.h:1346
v1	rk-v1-f93956f7904c9d126425b1d54d22a864afde98918982b7b8b4ef12bbdfae1e27	31	ConvertUTF8ToUTF16BEWithErrors	none	none			docs/porting/simdutf-port-v1/inputs/planned-rows-v1.tsv:32;611becc2a08c27a4edc77d9a45ff74c97130129b:include/simdutf/implementation.h:1381
v1	rk-v1-77aa76335ad762665cb847cf5a21548c5cf838a40686bbe67b9af69c885437b7	32	ConvertUTF8ToUTF32	none	none			docs/porting/simdutf-port-v1/inputs/planned-rows-v1.tsv:33;611becc2a08c27a4edc77d9a45ff74c97130129b:include/simdutf/implementation.h:1416
v1	rk-v1-b33d6e0272b8a4781ce06aa6cd053be275e05d86557edf668e208c50545bcecc	33	ConvertUTF8ToUTF32WithErrors	none	none			docs/porting/simdutf-port-v1/inputs/planned-rows-v1.tsv:34;611becc2a08c27a4edc77d9a45ff74c97130129b:include/simdutf/implementation.h:1450
v1	rk-v1-a3c639f96453c71cd9a7e264435ce68a18dc81c5de75da822ed99353d5aecff9	34	ConvertValidUTF8ToLatin1	none	none			docs/porting/simdutf-port-v1/inputs/planned-rows-v1.tsv:35;611becc2a08c27a4edc77d9a45ff74c97130129b:include/simdutf/implementation.h:1492
v1	rk-v1-39d339dfdc299a62bfa5e3709e08634d3514c773be66c5e1b5d34651a1a74c94	35	ConvertValidUTF8ToUTF16	wrapper_delegate	row	rk-v1-074d23d5f7eeb0cafa681c8aa5434f0535582d513f31e291e8cdec2de4449a0b	ConvertValidUTF8ToUTF16LE	docs/porting/simdutf-port-v1/inputs/planned-rows-v1.tsv:36;611becc2a08c27a4edc77d9a45ff74c97130129b:include/simdutf/implementation.h:1525
v1	rk-v1-39d339dfdc299a62bfa5e3709e08634d3514c773be66c5e1b5d34651a1a74c94	35	ConvertValidUTF8ToUTF16	wrapper_delegate	row	rk-v1-2e559f8b08bb866fc6653946e623f9b4dc1e40e561a056ec21f884cd2c3e8844	ConvertValidUTF8ToUTF16BE	docs/porting/simdutf-port-v1/inputs/planned-rows-v1.tsv:36;611becc2a08c27a4edc77d9a45ff74c97130129b:include/simdutf/implementation.h:1525
v1	rk-v1-074d23d5f7eeb0cafa681c8aa5434f0535582d513f31e291e8cdec2de4449a0b	36	ConvertValidUTF8ToUTF16LE	none	none			docs/porting/simdutf-port-v1/inputs/planned-rows-v1.tsv:37;611becc2a08c27a4edc77d9a45ff74c97130129b:include/simdutf/implementation.h:1556
v1	rk-v1-2e559f8b08bb866fc6653946e623f9b4dc1e40e561a056ec21f884cd2c3e8844	37	ConvertValidUTF8ToUTF16BE	none	none			docs/porting/simdutf-port-v1/inputs/planned-rows-v1.tsv:38;611becc2a08c27a4edc77d9a45ff74c97130129b:include/simdutf/implementation.h:1588
v1	rk-v1-990d051843e234cab0a2c1d3979ae51c9f73f5633d9a31d1221ffb726decda68	38	ConvertValidUTF8ToUTF32	none	none			docs/porting/simdutf-port-v1/inputs/planned-rows-v1.tsv:39;611becc2a08c27a4edc77d9a45ff74c97130129b:include/simdutf/implementation.h:1621
v1	rk-v1-ccc91f29d0e3f45a142f851b0c3d909d45cae372b28e3a898c4cb679e98f8b5a	39	UTF8LengthFromLatin1	none	none			docs/porting/simdutf-port-v1/inputs/planned-rows-v1.tsv:40;611becc2a08c27a4edc77d9a45ff74c97130129b:include/simdutf/implementation.h:1652
v1	rk-v1-b49d470815894b085d642762d5b3a1ad667728592f31fd09fc419550dd0ce3c4	40	ConvertUTF16ToUTF8	wrapper_delegate	row	rk-v1-4e43ea60f21bf753f7e58b261fba08055ad93bf8527bdbe9c0c3f89e42ea879a	ConvertUTF16LEToUTF8	docs/porting/simdutf-port-v1/inputs/planned-rows-v1.tsv:41;611becc2a08c27a4edc77d9a45ff74c97130129b:include/simdutf/implementation.h:1797
v1	rk-v1-b49d470815894b085d642762d5b3a1ad667728592f31fd09fc419550dd0ce3c4	40	ConvertUTF16ToUTF8	wrapper_delegate	row	rk-v1-521d662c032927cd6ad9fdcadd43d12ddfaea74b4e341ab9ba1ab88281249170	ConvertUTF16BEToUTF8	docs/porting/simdutf-port-v1/inputs/planned-rows-v1.tsv:41;611becc2a08c27a4edc77d9a45ff74c97130129b:include/simdutf/implementation.h:1797
v1	rk-v1-c0a1790e10f929d2da5a660038c61e87dbe1756f0b8952323bbc077e6d6da6e9	41	ConvertUTF16ToUTF8Safe	wrapper_delegate	row	rk-v1-b49d470815894b085d642762d5b3a1ad667728592f31fd09fc419550dd0ce3c4	ConvertUTF16ToUTF8	611becc2a08c27a4edc77d9a45ff74c97130129b:include/simdutf/implementation.h:1836;dependency:ConvertUTF16ToUTF8
v1	rk-v1-537366817c1195ad370ade56f6d7715c7b2d7c260bd6e5048ee8aeced4360ed4	42	ConvertUTF16ToLatin1	wrapper_delegate	row	rk-v1-71f7396be385d439d54861f766e76c521912196952506b08b0645c190047c081	ConvertUTF16BEToLatin1	docs/porting/simdutf-port-v1/inputs/planned-rows-v1.tsv:43;611becc2a08c27a4edc77d9a45ff74c97130129b:include/simdutf/implementation.h:1889
v1	rk-v1-537366817c1195ad370ade56f6d7715c7b2d7c260bd6e5048ee8aeced4360ed4	42	ConvertUTF16ToLatin1	wrapper_delegate	row	rk-v1-7716c248a78131c1cd2d7d71a4b63de0f648a598ca7a2a6e1dc342bbff3d295d	ConvertUTF16LEToLatin1	docs/porting/simdutf-port-v1/inputs/planned-rows-v1.tsv:43;611becc2a08c27a4edc77d9a45ff74c97130129b:include/simdutf/implementation.h:1889
v1	rk-v1-7716c248a78131c1cd2d7d71a4b63de0f648a598ca7a2a6e1dc342bbff3d295d	43	ConvertUTF16LEToLatin1	none	none			docs/porting/simdutf-port-v1/inputs/planned-rows-v1.tsv:44;611becc2a08c27a4edc77d9a45ff74c97130129b:include/simdutf/implementation.h:1926
v1	rk-v1-71f7396be385d439d54861f766e76c521912196952506b08b0645c190047c081	44	ConvertUTF16BEToLatin1	none	none			docs/porting/simdutf-port-v1/inputs/planned-rows-v1.tsv:45;611becc2a08c27a4edc77d9a45ff74c97130129b:include/simdutf/implementation.h:1961
v1	rk-v1-4e43ea60f21bf753f7e58b261fba08055ad93bf8527bdbe9c0c3f89e42ea879a	45	ConvertUTF16LEToUTF8	none	none			docs/porting/simdutf-port-v1/inputs/planned-rows-v1.tsv:46;611becc2a08c27a4edc77d9a45ff74c97130129b:include/simdutf/implementation.h:1998
v1	rk-v1-521d662c032927cd6ad9fdcadd43d12ddfaea74b4e341ab9ba1ab88281249170	46	ConvertUTF16BEToUTF8	none	none			docs/porting/simdutf-port-v1/inputs/planned-rows-v1.tsv:47;611becc2a08c27a4edc77d9a45ff74c97130129b:include/simdutf/implementation.h:2034
v1	rk-v1-ac23abceb6f8f4f41ca9004c26156675a50f2c1bb8481fed0bb155d6f07540d2	47	ConvertUTF16ToLatin1WithErrors	wrapper_delegate	row	rk-v1-cf755350d3a290fb00fc37ff1b15b4f99cb3e7354990c33d8309bb32586cd1ec	ConvertUTF16LEToLatin1WithErrors	docs/porting/simdutf-port-v1/inputs/planned-rows-v1.tsv:48;611becc2a08c27a4edc77d9a45ff74c97130129b:include/simdutf/implementation.h:2074
v1	rk-v1-ac23abceb6f8f4f41ca9004c26156675a50f2c1bb8481fed0bb155d6f07540d2	47	ConvertUTF16ToLatin1WithErrors	wrapper_delegate	row	rk-v1-f0dbe3e28b358dd52c48465bbab3c0f724ae39d7438cfef1e358781096f417f8	ConvertUTF16BEToLatin1WithErrors	docs/porting/simdutf-port-v1/inputs/planned-rows-v1.tsv:48;611becc2a08c27a4edc77d9a45ff74c97130129b:include/simdutf/implementation.h:2074
v1	rk-v1-cf755350d3a290fb00fc37ff1b15b4f99cb3e7354990c33d8309bb32586cd1ec	48	ConvertUTF16LEToLatin1WithErrors	none	none			docs/porting/simdutf-port-v1/inputs/planned-rows-v1.tsv:49;611becc2a08c27a4edc77d9a45ff74c97130129b:include/simdutf/implementation.h:2110
v1	rk-v1-f0dbe3e28b358dd52c48465bbab3c0f724ae39d7438cfef1e358781096f417f8	49	ConvertUTF16BEToLatin1WithErrors	none	none			docs/porting/simdutf-port-v1/inputs/planned-rows-v1.tsv:50;611becc2a08c27a4edc77d9a45ff74c97130129b:include/simdutf/implementation.h:2148
v1	rk-v1-da62207ef0cbf607758d0b6a5828686e7b9f2ad026306ce746232b6fa7e4baa7	50	ConvertUTF16ToUTF8WithErrors	wrapper_delegate	row	rk-v1-3633f480ea565cbff44d0ef240597d81f280ecb25a00772de1db4059afc7e38e	ConvertUTF16LEToUTF8WithErrors	docs/porting/simdutf-port-v1/inputs/planned-rows-v1.tsv:51;611becc2a08c27a4edc77d9a45ff74c97130129b:include/simdutf/implementation.h:2188
v1	rk-v1-da62207ef0cbf607758d0b6a5828686e7b9f2ad026306ce746232b6fa7e4baa7	50	ConvertUTF16ToUTF8WithErrors	wrapper_delegate	row	rk-v1-4c03838d156b4e250f900dbff0a8a3fb28b4ee60eb2139e07307565b3bcfa6ce	ConvertUTF16BEToUTF8WithErrors	docs/porting/simdutf-port-v1/inputs/planned-rows-v1.tsv:51;611becc2a08c27a4edc77d9a45ff74c97130129b:include/simdutf/implementation.h:2188
v1	rk-v1-3633f480ea565cbff44d0ef240597d81f280ecb25a00772de1db4059afc7e38e	51	ConvertUTF16LEToUTF8WithErrors	none	none			docs/porting/simdutf-port-v1/inputs/planned-rows-v1.tsv:52;611becc2a08c27a4edc77d9a45ff74c97130129b:include/simdutf/implementation.h:2225
v1	rk-v1-4c03838d156b4e250f900dbff0a8a3fb28b4ee60eb2139e07307565b3bcfa6ce	52	ConvertUTF16BEToUTF8WithErrors	none	none			docs/porting/simdutf-port-v1/inputs/planned-rows-v1.tsv:53;611becc2a08c27a4edc77d9a45ff74c97130129b:include/simdutf/implementation.h:2262
v1	rk-v1-e65d80991f56e573c7b25788519e8fd01fb6b5f20e2356ac14864b920fe824f7	53	ConvertUTF16LEToUTF8WithReplacement	none	none			docs/porting/simdutf-port-v1/inputs/planned-rows-v1.tsv:54;611becc2a08c27a4edc77d9a45ff74c97130129b:include/simdutf/implementation.h:2297
v1	rk-v1-a7ed3f150f1eaad3b80a158978003f86a8e57c080fa44ab5168ac14edb93b929	54	ConvertUTF16BEToUTF8WithReplacement	none	none			docs/porting/simdutf-port-v1/inputs/planned-rows-v1.tsv:55;611becc2a08c27a4edc77d9a45ff74c97130129b:include/simdutf/implementation.h:2332
v1	rk-v1-772c23c8a7781b729b62c1e1bc03e3a19826232b5ba9a005d69f1c1377186520	55	ConvertUTF16ToUTF8WithReplacement	wrapper_delegate	row	rk-v1-a7ed3f150f1eaad3b80a158978003f86a8e57c080fa44ab5168ac14edb93b929	ConvertUTF16BEToUTF8WithReplacement	docs/porting/simdutf-port-v1/inputs/planned-rows-v1.tsv:56;611becc2a08c27a4edc77d9a45ff74c97130129b:include/simdutf/implementation.h:2367
v1	rk-v1-772c23c8a7781b729b62c1e1bc03e3a19826232b5ba9a005d69f1c1377186520	55	ConvertUTF16ToUTF8WithReplacement	wrapper_delegate	row	rk-v1-e65d80991f56e573c7b25788519e8fd01fb6b5f20e2356ac14864b920fe824f7	ConvertUTF16LEToUTF8WithReplacement	docs/porting/simdutf-port-v1/inputs/planned-rows-v1.tsv:56;611becc2a08c27a4edc77d9a45ff74c97130129b:include/simdutf/implementation.h:2367
v1	rk-v1-150e1e4c3840ced668160ee320b2d8e923ea9baf583215a8774f2ad8b7d7590e	56	ConvertValidUTF16ToUTF8	wrapper_delegate	row	rk-v1-01735559de15f2f81f7d1effc6851ba55aee8c06790b1df30575f5825c1601c4	ConvertValidUTF16BEToUTF8	docs/porting/simdutf-port-v1/inputs/planned-rows-v1.tsv:57;611becc2a08c27a4edc77d9a45ff74c97130129b:include/simdutf/implementation.h:2403
v1	rk-v1-150e1e4c3840ced668160ee320b2d8e923ea9baf583215a8774f2ad8b7d7590e	56	ConvertValidUTF16ToUTF8	wrapper_delegate	row	rk-v1-1211805a257b93b00263fe359a9cdf055ad6097b0ef8a63b9f9e9a8060cb0179	ConvertValidUTF16LEToUTF8	docs/porting/simdutf-port-v1/inputs/planned-rows-v1.tsv:57;611becc2a08c27a4edc77d9a45ff74c97130129b:include/simdutf/implementation.h:2403
v1	rk-v1-7569422580eddbeb8549bf7f5e716db159bd5c99094f15f49f9a2b829696b9a1	57	ConvertValidUTF16ToLatin1	wrapper_delegate	row	rk-v1-a13de744839582c7f284e5864c6f618984ab85a03e2455e8875d03cec8484a48	ConvertValidUTF16LEToLatin1	docs/porting/simdutf-port-v1/inputs/planned-rows-v1.tsv:58;611becc2a08c27a4edc77d9a45ff74c97130129b:include/simdutf/implementation.h:2445
v1	rk-v1-7569422580eddbeb8549bf7f5e716db159bd5c99094f15f49f9a2b829696b9a1	57	ConvertValidUTF16ToLatin1	wrapper_delegate	row	rk-v1-dbd9fd31ba0eb336979e8e9e2c8839825c5c1f0c6c00ea5190088330d5fc92a5	ConvertValidUTF16BEToLatin1	docs/porting/simdutf-port-v1/inputs/planned-rows-v1.tsv:58;611becc2a08c27a4edc77d9a45ff74c97130129b:include/simdutf/implementation.h:2445
v1	rk-v1-a13de744839582c7f284e5864c6f618984ab85a03e2455e8875d03cec8484a48	58	ConvertValidUTF16LEToLatin1	shared_kernel_delegate	cell	cell-v1-7675a1015ce4a597aa5aee745821c024068602dbcd70aa38c83eb046feb8ff08	ConvertUTF16LEToLatin1	611becc2a08c27a4edc77d9a45ff74c97130129b:include/simdutf/implementation.h:1926;611becc2a08c27a4edc77d9a45ff74c97130129b:src/westmere/sse_convert_utf16_to_latin1.cpp
v1	rk-v1-a13de744839582c7f284e5864c6f618984ab85a03e2455e8875d03cec8484a48	58	ConvertValidUTF16LEToLatin1	shared_kernel_delegate	cell	cell-v1-56f8c07d09156934d94b957df6e45a5a31bc93855fd2826fffa77a2fef24128a	ConvertUTF16LEToLatin1	611becc2a08c27a4edc77d9a45ff74c97130129b:include/simdutf/implementation.h:1926;611becc2a08c27a4edc77d9a45ff74c97130129b:src/haswell/avx2_convert_utf16_to_latin1.cpp
v1	rk-v1-a13de744839582c7f284e5864c6f618984ab85a03e2455e8875d03cec8484a48	58	ConvertValidUTF16LEToLatin1	shared_kernel_delegate	cell	cell-v1-f40166c34e0d9e9232d7b72024e5a38cb047b5c875d89824e178540a46fce2bc	ConvertUTF16LEToLatin1	simd/archsimd Go 1.26.5:FC-v1-utf16-source audit row; required primitives: endian u16 loads/swaps, surrogate carry, compare/narrow, UTF-8 table/shuffle/pack, pair combine/u32 widen, counts/first-error; available: archsimd/ops_amd64.go:Load,Store,Shuffle,And,Or,Xor; archsimd/compare_gen_amd64.go:Equal,LessThan; archsimd/maskmerge_gen_amd64.go:Mask
v1	rk-v1-a13de744839582c7f284e5864c6f618984ab85a03e2455e8875d03cec8484a48	58	ConvertValidUTF16LEToLatin1	shared_kernel_delegate	cell	cell-v1-a3a2e2b087e7d3559640c927b7010dfe52ec9f32fe5971cf045106f3691cf11f	ConvertUTF16LEToLatin1	611becc2a08c27a4edc77d9a45ff74c97130129b:include/simdutf/implementation.h:1926;611becc2a08c27a4edc77d9a45ff74c97130129b:src/arm64/arm_convert_utf16_to_latin1.cpp
v1	rk-v1-dbd9fd31ba0eb336979e8e9e2c8839825c5c1f0c6c00ea5190088330d5fc92a5	59	ConvertValidUTF16BEToLatin1	shared_kernel_delegate	cell	cell-v1-d03a2b223e25d40e95bba2646ba5b9f62a7bd999d9c655da614f69719c9ebe87	ConvertUTF16BEToLatin1	611becc2a08c27a4edc77d9a45ff74c97130129b:include/simdutf/implementation.h:1961;611becc2a08c27a4edc77d9a45ff74c97130129b:src/westmere/sse_convert_utf16_to_latin1.cpp
v1	rk-v1-dbd9fd31ba0eb336979e8e9e2c8839825c5c1f0c6c00ea5190088330d5fc92a5	59	ConvertValidUTF16BEToLatin1	shared_kernel_delegate	cell	cell-v1-892904a7909bf9aa7006f1a1b467581a24f7092054bdabc840fbd9e8bce5c92a	ConvertUTF16BEToLatin1	611becc2a08c27a4edc77d9a45ff74c97130129b:include/simdutf/implementation.h:1961;611becc2a08c27a4edc77d9a45ff74c97130129b:src/haswell/avx2_convert_utf16_to_latin1.cpp
v1	rk-v1-dbd9fd31ba0eb336979e8e9e2c8839825c5c1f0c6c00ea5190088330d5fc92a5	59	ConvertValidUTF16BEToLatin1	shared_kernel_delegate	cell	cell-v1-8500838ba90b4adabba6a51135ef9da02a7274bf035fa9f53308add082095747	ConvertUTF16BEToLatin1	simd/archsimd Go 1.26.5:FC-v1-utf16-source audit row; required primitives: endian u16 loads/swaps, surrogate carry, compare/narrow, UTF-8 table/shuffle/pack, pair combine/u32 widen, counts/first-error; available: archsimd/ops_amd64.go:Load,Store,Shuffle,And,Or,Xor; archsimd/compare_gen_amd64.go:Equal,LessThan; archsimd/maskmerge_gen_amd64.go:Mask
v1	rk-v1-dbd9fd31ba0eb336979e8e9e2c8839825c5c1f0c6c00ea5190088330d5fc92a5	59	ConvertValidUTF16BEToLatin1	shared_kernel_delegate	cell	cell-v1-143d7b4e7c9f2c6f635bbaa486c4d69ecb09dd8bd7924042893032e7891b8d12	ConvertUTF16BEToLatin1	611becc2a08c27a4edc77d9a45ff74c97130129b:include/simdutf/implementation.h:1961;611becc2a08c27a4edc77d9a45ff74c97130129b:src/arm64/arm_convert_utf16_to_latin1.cpp
v1	rk-v1-1211805a257b93b00263fe359a9cdf055ad6097b0ef8a63b9f9e9a8060cb0179	60	ConvertValidUTF16LEToUTF8	shared_kernel_delegate	cell	cell-v1-2fdfe86498e6a32cd63be550fd6cfaff8b9c4ff930571a05dc2cc7be73257cb9	ConvertUTF16LEToUTF8	611becc2a08c27a4edc77d9a45ff74c97130129b:include/simdutf/implementation.h:1998;611becc2a08c27a4edc77d9a45ff74c97130129b:src/westmere/sse_convert_utf16_to_utf8.cpp
v1	rk-v1-1211805a257b93b00263fe359a9cdf055ad6097b0ef8a63b9f9e9a8060cb0179	60	ConvertValidUTF16LEToUTF8	shared_kernel_delegate	cell	cell-v1-2aa70d9f214ea94eab56603b116fbd2f38ffa76959b93d0b512ea24d104c3ac0	ConvertUTF16LEToUTF8	611becc2a08c27a4edc77d9a45ff74c97130129b:include/simdutf/implementation.h:1998;611becc2a08c27a4edc77d9a45ff74c97130129b:src/haswell/avx2_convert_utf16_to_utf8.cpp
v1	rk-v1-1211805a257b93b00263fe359a9cdf055ad6097b0ef8a63b9f9e9a8060cb0179	60	ConvertValidUTF16LEToUTF8	shared_kernel_delegate	cell	cell-v1-c6c082c43083abff01e21002804e1e551e92f7c52611e0697e4b1430375b2042	ConvertUTF16LEToUTF8	simd/archsimd Go 1.26.5:FC-v1-utf16-source audit row; required primitives: endian u16 loads/swaps, surrogate carry, compare/narrow, UTF-8 table/shuffle/pack, pair combine/u32 widen, counts/first-error; available: archsimd/ops_amd64.go:Load,Store,Shuffle,And,Or,Xor; archsimd/compare_gen_amd64.go:Equal,LessThan; archsimd/maskmerge_gen_amd64.go:Mask
v1	rk-v1-1211805a257b93b00263fe359a9cdf055ad6097b0ef8a63b9f9e9a8060cb0179	60	ConvertValidUTF16LEToUTF8	shared_kernel_delegate	cell	cell-v1-bbbf2470b60a53f3252412f4d24c7f534b0e19fbfd4f9b3d3ebf6fe3832001b1	ConvertUTF16LEToUTF8	611becc2a08c27a4edc77d9a45ff74c97130129b:include/simdutf/implementation.h:1998;611becc2a08c27a4edc77d9a45ff74c97130129b:src/arm64/arm_convert_utf16_to_utf8.cpp
v1	rk-v1-01735559de15f2f81f7d1effc6851ba55aee8c06790b1df30575f5825c1601c4	61	ConvertValidUTF16BEToUTF8	shared_kernel_delegate	cell	cell-v1-4b0374059940dabd9f6a1b7dbe4a2f6dfaa9412d776a8c8b1eea331bb8e4037e	ConvertUTF16BEToUTF8	611becc2a08c27a4edc77d9a45ff74c97130129b:include/simdutf/implementation.h:2034;611becc2a08c27a4edc77d9a45ff74c97130129b:src/westmere/sse_convert_utf16_to_utf8.cpp
v1	rk-v1-01735559de15f2f81f7d1effc6851ba55aee8c06790b1df30575f5825c1601c4	61	ConvertValidUTF16BEToUTF8	shared_kernel_delegate	cell	cell-v1-7c877c7efb425bf5fc53b89de2fe42b7814e461da493058c437ec7af0ff2431d	ConvertUTF16BEToUTF8	611becc2a08c27a4edc77d9a45ff74c97130129b:include/simdutf/implementation.h:2034;611becc2a08c27a4edc77d9a45ff74c97130129b:src/haswell/avx2_convert_utf16_to_utf8.cpp
v1	rk-v1-01735559de15f2f81f7d1effc6851ba55aee8c06790b1df30575f5825c1601c4	61	ConvertValidUTF16BEToUTF8	shared_kernel_delegate	cell	cell-v1-a65f3dafb2fc0f4833ce955d079df161abe424dcc867350a51eb212355283a58	ConvertUTF16BEToUTF8	simd/archsimd Go 1.26.5:FC-v1-utf16-source audit row; required primitives: endian u16 loads/swaps, surrogate carry, compare/narrow, UTF-8 table/shuffle/pack, pair combine/u32 widen, counts/first-error; available: archsimd/ops_amd64.go:Load,Store,Shuffle,And,Or,Xor; archsimd/compare_gen_amd64.go:Equal,LessThan; archsimd/maskmerge_gen_amd64.go:Mask
v1	rk-v1-01735559de15f2f81f7d1effc6851ba55aee8c06790b1df30575f5825c1601c4	61	ConvertValidUTF16BEToUTF8	shared_kernel_delegate	cell	cell-v1-c3567f92198f3a7cd07c6adcc85ae3c4f86840293011129c5220f7202d7a27a1	ConvertUTF16BEToUTF8	611becc2a08c27a4edc77d9a45ff74c97130129b:include/simdutf/implementation.h:2034;611becc2a08c27a4edc77d9a45ff74c97130129b:src/arm64/arm_convert_utf16_to_utf8.cpp
v1	rk-v1-ec655bcfd08595a7a60bfd02af08afb112474b15a8098727095ee04e1ac42e10	62	ConvertUTF16ToUTF32	wrapper_delegate	row	rk-v1-369041d2cf922f9ef88a5c4a0bef41dabc2be2507ad63169986230e12f2e158f	ConvertUTF16BEToUTF32	docs/porting/simdutf-port-v1/inputs/planned-rows-v1.tsv:63;611becc2a08c27a4edc77d9a45ff74c97130129b:include/simdutf/implementation.h:2639
v1	rk-v1-ec655bcfd08595a7a60bfd02af08afb112474b15a8098727095ee04e1ac42e10	62	ConvertUTF16ToUTF32	wrapper_delegate	row	rk-v1-f2e6443ad52b9661747b23258c618d7ec64519039488f30ffbbbbba837330342	ConvertUTF16LEToUTF32	docs/porting/simdutf-port-v1/inputs/planned-rows-v1.tsv:63;611becc2a08c27a4edc77d9a45ff74c97130129b:include/simdutf/implementation.h:2639
v1	rk-v1-f2e6443ad52b9661747b23258c618d7ec64519039488f30ffbbbbba837330342	63	ConvertUTF16LEToUTF32	none	none			docs/porting/simdutf-port-v1/inputs/planned-rows-v1.tsv:64;611becc2a08c27a4edc77d9a45ff74c97130129b:include/simdutf/implementation.h:2673
v1	rk-v1-369041d2cf922f9ef88a5c4a0bef41dabc2be2507ad63169986230e12f2e158f	64	ConvertUTF16BEToUTF32	none	none			docs/porting/simdutf-port-v1/inputs/planned-rows-v1.tsv:65;611becc2a08c27a4edc77d9a45ff74c97130129b:include/simdutf/implementation.h:2706
v1	rk-v1-048e7d8109499ec70cd42f927cb40931c0f20e33358a385c3203b6705ff6e989	65	ConvertUTF16ToUTF32WithErrors	wrapper_delegate	row	rk-v1-8a66f79068e809a3a1037f8934bfa37ddd8f855cd45f185ee7d9c929f26ca259	ConvertUTF16BEToUTF32WithErrors	docs/porting/simdutf-port-v1/inputs/planned-rows-v1.tsv:66;611becc2a08c27a4edc77d9a45ff74c97130129b:include/simdutf/implementation.h:2742
v1	rk-v1-048e7d8109499ec70cd42f927cb40931c0f20e33358a385c3203b6705ff6e989	65	ConvertUTF16ToUTF32WithErrors	wrapper_delegate	row	rk-v1-cf9a0dcde5bae92fccdc4f0d22f03784375c4b1e76b7c06dc1cf70539beebcaf	ConvertUTF16LEToUTF32WithErrors	docs/porting/simdutf-port-v1/inputs/planned-rows-v1.tsv:66;611becc2a08c27a4edc77d9a45ff74c97130129b:include/simdutf/implementation.h:2742
v1	rk-v1-cf9a0dcde5bae92fccdc4f0d22f03784375c4b1e76b7c06dc1cf70539beebcaf	66	ConvertUTF16LEToUTF32WithErrors	none	none			docs/porting/simdutf-port-v1/inputs/planned-rows-v1.tsv:67;611becc2a08c27a4edc77d9a45ff74c97130129b:include/simdutf/implementation.h:2777
v1	rk-v1-8a66f79068e809a3a1037f8934bfa37ddd8f855cd45f185ee7d9c929f26ca259	67	ConvertUTF16BEToUTF32WithErrors	none	none			docs/porting/simdutf-port-v1/inputs/planned-rows-v1.tsv:68;611becc2a08c27a4edc77d9a45ff74c97130129b:include/simdutf/implementation.h:2813
v1	rk-v1-6256cafae53900dfb04b86155b0a0c459f7ab335db48d7dacccad4863003a229	68	ConvertValidUTF16ToUTF32	wrapper_delegate	row	rk-v1-2e157559f20c8ef2c8a5527d31057710628639d8b067f35f4b5faf10eb13d281	ConvertValidUTF16BEToUTF32	docs/porting/simdutf-port-v1/inputs/planned-rows-v1.tsv:69;611becc2a08c27a4edc77d9a45ff74c97130129b:include/simdutf/implementation.h:2847
v1	rk-v1-6256cafae53900dfb04b86155b0a0c459f7ab335db48d7dacccad4863003a229	68	ConvertValidUTF16ToUTF32	wrapper_delegate	row	rk-v1-fd9c4f4ecc93a66ed2037ed394e8f6185abf782ee61961da4a8439017613d3c3	ConvertValidUTF16LEToUTF32	docs/porting/simdutf-port-v1/inputs/planned-rows-v1.tsv:69;611becc2a08c27a4edc77d9a45ff74c97130129b:include/simdutf/implementation.h:2847
v1	rk-v1-fd9c4f4ecc93a66ed2037ed394e8f6185abf782ee61961da4a8439017613d3c3	69	ConvertValidUTF16LEToUTF32	shared_kernel_delegate	cell	cell-v1-10e54865cd9bafa934e88bd924666caf563823defacf660c8e7719ceae906ee4	ConvertUTF16LEToUTF32	611becc2a08c27a4edc77d9a45ff74c97130129b:include/simdutf/implementation.h:2673;611becc2a08c27a4edc77d9a45ff74c97130129b:src/westmere/sse_convert_utf16_to_utf32.cpp:1-1
v1	rk-v1-fd9c4f4ecc93a66ed2037ed394e8f6185abf782ee61961da4a8439017613d3c3	69	ConvertValidUTF16LEToUTF32	shared_kernel_delegate	cell	cell-v1-7bdce3f8f0abeb1555ca577203e060f6eb914fbe54da8e471c3f34baff65d87e	ConvertUTF16LEToUTF32	611becc2a08c27a4edc77d9a45ff74c97130129b:include/simdutf/implementation.h:2673;611becc2a08c27a4edc77d9a45ff74c97130129b:src/haswell/avx2_convert_utf16_to_utf32.cpp:1-1
v1	rk-v1-fd9c4f4ecc93a66ed2037ed394e8f6185abf782ee61961da4a8439017613d3c3	69	ConvertValidUTF16LEToUTF32	shared_kernel_delegate	cell	cell-v1-11f0feffe0ac827a494b00cb40213f4c986d2de0ef34a2787a159d4e53dab773	ConvertUTF16LEToUTF32	simd/archsimd Go 1.26.5:FC-v1-utf16-source audit row; required primitives: endian u16 loads/swaps, surrogate carry, compare/narrow, UTF-8 table/shuffle/pack, pair combine/u32 widen, counts/first-error; available: archsimd/ops_amd64.go:Load,Store,Shuffle,And,Or,Xor; archsimd/compare_gen_amd64.go:Equal,LessThan; archsimd/maskmerge_gen_amd64.go:Mask
v1	rk-v1-fd9c4f4ecc93a66ed2037ed394e8f6185abf782ee61961da4a8439017613d3c3	69	ConvertValidUTF16LEToUTF32	shared_kernel_delegate	cell	cell-v1-5ee2eb7dfe98b9df9345142fb516a6849be408d517bb35007c3baf43c9e8417e	ConvertUTF16LEToUTF32	611becc2a08c27a4edc77d9a45ff74c97130129b:include/simdutf/implementation.h:2673;611becc2a08c27a4edc77d9a45ff74c97130129b:src/arm64/arm_convert_utf16_to_utf32.cpp:1-1
v1	rk-v1-2e157559f20c8ef2c8a5527d31057710628639d8b067f35f4b5faf10eb13d281	70	ConvertValidUTF16BEToUTF32	shared_kernel_delegate	cell	cell-v1-85f55947001092311c47ebb6255fc994162ddaa2552887e4e086db8b49884cf2	ConvertUTF16BEToUTF32	611becc2a08c27a4edc77d9a45ff74c97130129b:include/simdutf/implementation.h:2706;611becc2a08c27a4edc77d9a45ff74c97130129b:src/westmere/sse_convert_utf16_to_utf32.cpp:1-1
v1	rk-v1-2e157559f20c8ef2c8a5527d31057710628639d8b067f35f4b5faf10eb13d281	70	ConvertValidUTF16BEToUTF32	shared_kernel_delegate	cell	cell-v1-51ee900cf229ae90e9dfef3656478ebca12ec317d925be9954d90c3d37fbd115	ConvertUTF16BEToUTF32	611becc2a08c27a4edc77d9a45ff74c97130129b:include/simdutf/implementation.h:2706;611becc2a08c27a4edc77d9a45ff74c97130129b:src/haswell/avx2_convert_utf16_to_utf32.cpp:1-1
v1	rk-v1-2e157559f20c8ef2c8a5527d31057710628639d8b067f35f4b5faf10eb13d281	70	ConvertValidUTF16BEToUTF32	shared_kernel_delegate	cell	cell-v1-8aa6d0bf1bcc383d42309a564e679f2319f527ffe63b0922e32664b107bd2b95	ConvertUTF16BEToUTF32	simd/archsimd Go 1.26.5:FC-v1-utf16-source audit row; required primitives: endian u16 loads/swaps, surrogate carry, compare/narrow, UTF-8 table/shuffle/pack, pair combine/u32 widen, counts/first-error; available: archsimd/ops_amd64.go:Load,Store,Shuffle,And,Or,Xor; archsimd/compare_gen_amd64.go:Equal,LessThan; archsimd/maskmerge_gen_amd64.go:Mask
v1	rk-v1-2e157559f20c8ef2c8a5527d31057710628639d8b067f35f4b5faf10eb13d281	70	ConvertValidUTF16BEToUTF32	shared_kernel_delegate	cell	cell-v1-5beb78c7953babfec492eb28a128dd44d361558d35058d1e9c3c351cfbafea23	ConvertUTF16BEToUTF32	611becc2a08c27a4edc77d9a45ff74c97130129b:include/simdutf/implementation.h:2706;611becc2a08c27a4edc77d9a45ff74c97130129b:src/arm64/arm_convert_utf16_to_utf32.cpp:1-1
v1	rk-v1-73ccb63a4f4f5783f1769e4b2aacf54aeed5d855df9ac3a7e0d8c5debb4e8315	71	UTF8LengthFromUTF16	wrapper_delegate	row	rk-v1-2471c15a00ba2a22c6879a4535bf7c1c7b8a780f4b72419f43b2a5312ed984f4	UTF8LengthFromUTF16BE	docs/porting/simdutf-port-v1/inputs/planned-rows-v1.tsv:72;611becc2a08c27a4edc77d9a45ff74c97130129b:include/simdutf/implementation.h:2949
v1	rk-v1-73ccb63a4f4f5783f1769e4b2aacf54aeed5d855df9ac3a7e0d8c5debb4e8315	71	UTF8LengthFromUTF16	wrapper_delegate	row	rk-v1-62d83846d5622363cd309865b197ed7c178dba19cb98f13c5f723dfe041ca07c	UTF8LengthFromUTF16LE	docs/porting/simdutf-port-v1/inputs/planned-rows-v1.tsv:72;611becc2a08c27a4edc77d9a45ff74c97130129b:include/simdutf/implementation.h:2949
v1	rk-v1-91619f77f479a3e153bc7d971c09311c6aa34c5d2078ee0bdae46b87ab6cd5f8	72	UTF8LengthFromUTF16WithReplacement	wrapper_delegate	row	rk-v1-38cc3a36b92829539b4cfb8eda21707747045198182e2a59a14d06ccf75fba7c	UTF8LengthFromUTF16BEWithReplacement	docs/porting/simdutf-port-v1/inputs/planned-rows-v1.tsv:73;611becc2a08c27a4edc77d9a45ff74c97130129b:include/simdutf/implementation.h:2985
v1	rk-v1-91619f77f479a3e153bc7d971c09311c6aa34c5d2078ee0bdae46b87ab6cd5f8	72	UTF8LengthFromUTF16WithReplacement	wrapper_delegate	row	rk-v1-eea7e268e8709ceb1a21f0e7d76f6506d082a02023037485b1702b4d41308861	UTF8LengthFromUTF16LEWithReplacement	docs/porting/simdutf-port-v1/inputs/planned-rows-v1.tsv:73;611becc2a08c27a4edc77d9a45ff74c97130129b:include/simdutf/implementation.h:2985
v1	rk-v1-62d83846d5622363cd309865b197ed7c178dba19cb98f13c5f723dfe041ca07c	73	UTF8LengthFromUTF16LE	none	none			docs/porting/simdutf-port-v1/inputs/planned-rows-v1.tsv:74;611becc2a08c27a4edc77d9a45ff74c97130129b:include/simdutf/implementation.h:3015
v1	rk-v1-2471c15a00ba2a22c6879a4535bf7c1c7b8a780f4b72419f43b2a5312ed984f4	74	UTF8LengthFromUTF16BE	none	none			docs/porting/simdutf-port-v1/inputs/planned-rows-v1.tsv:75;611becc2a08c27a4edc77d9a45ff74c97130129b:include/simdutf/implementation.h:3044
v1	rk-v1-0681c1176fe552c46285f1de5d262fe48114044dee149c27999f1744cb87edb3	75	ConvertUTF32ToUTF8	none	none			docs/porting/simdutf-port-v1/inputs/planned-rows-v1.tsv:76;611becc2a08c27a4edc77d9a45ff74c97130129b:include/simdutf/implementation.h:3077
v1	rk-v1-caddd22ebf7665dd09000fb5d83f0ac20f2bd0d16d85ff43614c62a2ab11f990	76	ConvertUTF32ToUTF8WithErrors	none	none			docs/porting/simdutf-port-v1/inputs/planned-rows-v1.tsv:77;611becc2a08c27a4edc77d9a45ff74c97130129b:include/simdutf/implementation.h:3114
v1	rk-v1-7c198e382676fdbded53185570c22bb2f4b866d68c085fd80bf22d7ceede13cc	77	ConvertValidUTF32ToUTF8	shared_kernel_delegate	cell	cell-v1-747ddd70ad90b8c320cbf24362fad6279b80e0fa6602b219d967c2c74f527adf	ConvertUTF32ToUTF8	611becc2a08c27a4edc77d9a45ff74c97130129b:include/simdutf/implementation.h:3077;611becc2a08c27a4edc77d9a45ff74c97130129b:src/westmere/sse_convert_utf32_to_utf8.cpp:1-1
v1	rk-v1-7c198e382676fdbded53185570c22bb2f4b866d68c085fd80bf22d7ceede13cc	77	ConvertValidUTF32ToUTF8	shared_kernel_delegate	cell	cell-v1-25076a767de3debdb28258403726e72c131d6b949c99b6fca397cbee01105361	ConvertUTF32ToUTF8	611becc2a08c27a4edc77d9a45ff74c97130129b:include/simdutf/implementation.h:3077;611becc2a08c27a4edc77d9a45ff74c97130129b:src/haswell/avx2_convert_utf32_to_utf8.cpp:1-1
v1	rk-v1-7c198e382676fdbded53185570c22bb2f4b866d68c085fd80bf22d7ceede13cc	77	ConvertValidUTF32ToUTF8	shared_kernel_delegate	cell	cell-v1-d88650be1a0ea22403ccad4f88b404cf38bc0d99630591b012d491e00ee83a61	ConvertUTF32ToUTF8	simd/archsimd Go 1.26.5:FC-v1-utf32-source audit row; required primitives: u32 range/surrogate checks, narrow/pack, UTF-8 shuffle/table packing, UTF-16 surrogate expansion/endian stores; available: archsimd/ops_amd64.go:Load,Store,Shuffle,And,Or,Xor; archsimd/compare_gen_amd64.go:Equal,LessThan; archsimd/maskmerge_gen_amd64.go:Mask
v1	rk-v1-7c198e382676fdbded53185570c22bb2f4b866d68c085fd80bf22d7ceede13cc	77	ConvertValidUTF32ToUTF8	shared_kernel_delegate	cell	cell-v1-58cf5b91cdb9aff38b0808f218084ff4a19d60d66157d0fd7d042f47da418c9b	ConvertUTF32ToUTF8	611becc2a08c27a4edc77d9a45ff74c97130129b:include/simdutf/implementation.h:3077;611becc2a08c27a4edc77d9a45ff74c97130129b:src/arm64/arm_convert_utf32_to_utf8.cpp:1-1
v1	rk-v1-fb072b6418872e6605a951ce5cd05285a83eee3f43d69c726173e546dab6c52b	78	ConvertUTF32ToUTF16	wrapper_delegate	row	rk-v1-000c2aea1ba680a0cfb3c91a095e7e32e7b1368723c829cec078a9543b6e1361	ConvertUTF32ToUTF16LE	docs/porting/simdutf-port-v1/inputs/planned-rows-v1.tsv:79;611becc2a08c27a4edc77d9a45ff74c97130129b:include/simdutf/implementation.h:3185
v1	rk-v1-fb072b6418872e6605a951ce5cd05285a83eee3f43d69c726173e546dab6c52b	78	ConvertUTF32ToUTF16	wrapper_delegate	row	rk-v1-19280a90cf388865b846f77ea465f252c5432bb1d44fe259f594cf0bd7c96bc7	ConvertUTF32ToUTF16BE	docs/porting/simdutf-port-v1/inputs/planned-rows-v1.tsv:79;611becc2a08c27a4edc77d9a45ff74c97130129b:include/simdutf/implementation.h:3185
v1	rk-v1-000c2aea1ba680a0cfb3c91a095e7e32e7b1368723c829cec078a9543b6e1361	79	ConvertUTF32ToUTF16LE	none	none			docs/porting/simdutf-port-v1/inputs/planned-rows-v1.tsv:80;611becc2a08c27a4edc77d9a45ff74c97130129b:include/simdutf/implementation.h:3217
v1	rk-v1-0cae80a4d57b946ee1b2c440ed3086efb6c878c3376d693ddb4ba1c79d1ec92d	80	ConvertUTF32ToLatin1	none	none			docs/porting/simdutf-port-v1/inputs/planned-rows-v1.tsv:81;611becc2a08c27a4edc77d9a45ff74c97130129b:include/simdutf/implementation.h:3252
v1	rk-v1-8d0c2a18d4cfe264820c184ed7a7ae7549a0e34da315f7f523603494ab092686	81	ConvertUTF32ToLatin1WithErrors	none	none			docs/porting/simdutf-port-v1/inputs/planned-rows-v1.tsv:82;611becc2a08c27a4edc77d9a45ff74c97130129b:include/simdutf/implementation.h:3290
v1	rk-v1-9ee37182125db139b8a0854ce2c8bb674ef2ac0a18d27352b1cca4f34a17c1a3	82	ConvertValidUTF32ToLatin1	shared_kernel_delegate	cell	cell-v1-19588ff085a81ebdf41295b0d5a124539fb0f4505a99a82b49d1b0c43735d86f	ConvertUTF32ToLatin1	611becc2a08c27a4edc77d9a45ff74c97130129b:include/simdutf/implementation.h:3252;611becc2a08c27a4edc77d9a45ff74c97130129b:src/westmere/sse_convert_utf32_to_latin1.cpp:1-1
v1	rk-v1-9ee37182125db139b8a0854ce2c8bb674ef2ac0a18d27352b1cca4f34a17c1a3	82	ConvertValidUTF32ToLatin1	shared_kernel_delegate	cell	cell-v1-830eb9fe5729985abcdbaef54d2c29cb58e5fb93ee6d6593fd31a13bb2cb800f	ConvertUTF32ToLatin1	611becc2a08c27a4edc77d9a45ff74c97130129b:include/simdutf/implementation.h:3252;611becc2a08c27a4edc77d9a45ff74c97130129b:src/haswell/avx2_convert_utf32_to_latin1.cpp:1-1
v1	rk-v1-9ee37182125db139b8a0854ce2c8bb674ef2ac0a18d27352b1cca4f34a17c1a3	82	ConvertValidUTF32ToLatin1	shared_kernel_delegate	cell	cell-v1-8fea805f4007e03c1fb5a87e468f0ecfd96c86ad6e8e05d174b52528082dbb50	ConvertUTF32ToLatin1	simd/archsimd Go 1.26.5:FC-v1-utf32-source audit row; required primitives: u32 range/surrogate checks, narrow/pack, UTF-8 shuffle/table packing, UTF-16 surrogate expansion/endian stores; available: archsimd/ops_amd64.go:Load,Store,Shuffle,And,Or,Xor; archsimd/compare_gen_amd64.go:Equal,LessThan; archsimd/maskmerge_gen_amd64.go:Mask
v1	rk-v1-9ee37182125db139b8a0854ce2c8bb674ef2ac0a18d27352b1cca4f34a17c1a3	82	ConvertValidUTF32ToLatin1	shared_kernel_delegate	cell	cell-v1-689aed6a39bdd36fc3699ed07ce5dabe80c2138b11c577b2e17d72b764c2c644	ConvertUTF32ToLatin1	611becc2a08c27a4edc77d9a45ff74c97130129b:include/simdutf/implementation.h:3252;611becc2a08c27a4edc77d9a45ff74c97130129b:src/arm64/arm_convert_utf32_to_latin1.cpp:1-1
v1	rk-v1-aa89e4df7b4cbea2e370887908bb0636c21f5e7a6e391b96bea23e86a23facae	83	Latin1LengthFromUTF32	none	none			docs/porting/simdutf-port-v1/inputs/planned-rows-v1.tsv:84;611becc2a08c27a4edc77d9a45ff74c97130129b:include/simdutf/implementation.h:3367
v1	rk-v1-9e3ee2cc9f1b1dd05444e4ac32c02eff75157433df192591930274f774c1cbb5	84	UTF32LengthFromLatin1	none	none			docs/porting/simdutf-port-v1/inputs/planned-rows-v1.tsv:85;611becc2a08c27a4edc77d9a45ff74c97130129b:include/simdutf/implementation.h:3380
v1	rk-v1-19280a90cf388865b846f77ea465f252c5432bb1d44fe259f594cf0bd7c96bc7	85	ConvertUTF32ToUTF16BE	none	none			docs/porting/simdutf-port-v1/inputs/planned-rows-v1.tsv:86;611becc2a08c27a4edc77d9a45ff74c97130129b:include/simdutf/implementation.h:3399
v1	rk-v1-1292bee9c8813203a6fd4f61893af7174366a7145f5cb1afbfae774b93a08098	86	ConvertUTF32ToUTF16WithErrors	wrapper_delegate	row	rk-v1-38db57c0c70e39cb208b84cd0dc67f64b47615f0d7c2293e7bd2931ee2a4895c	ConvertUTF32ToUTF16BEWithErrors	docs/porting/simdutf-port-v1/inputs/planned-rows-v1.tsv:87;611becc2a08c27a4edc77d9a45ff74c97130129b:include/simdutf/implementation.h:3435
v1	rk-v1-1292bee9c8813203a6fd4f61893af7174366a7145f5cb1afbfae774b93a08098	86	ConvertUTF32ToUTF16WithErrors	wrapper_delegate	row	rk-v1-455bbdc537f2dc700e3b68c4db67936f7b98c00a0b3993d388fefd191d951339	ConvertUTF32ToUTF16LEWithErrors	docs/porting/simdutf-port-v1/inputs/planned-rows-v1.tsv:87;611becc2a08c27a4edc77d9a45ff74c97130129b:include/simdutf/implementation.h:3435
v1	rk-v1-455bbdc537f2dc700e3b68c4db67936f7b98c00a0b3993d388fefd191d951339	87	ConvertUTF32ToUTF16LEWithErrors	none	none			docs/porting/simdutf-port-v1/inputs/planned-rows-v1.tsv:88;611becc2a08c27a4edc77d9a45ff74c97130129b:include/simdutf/implementation.h:3470
v1	rk-v1-38db57c0c70e39cb208b84cd0dc67f64b47615f0d7c2293e7bd2931ee2a4895c	88	ConvertUTF32ToUTF16BEWithErrors	none	none			docs/porting/simdutf-port-v1/inputs/planned-rows-v1.tsv:89;611becc2a08c27a4edc77d9a45ff74c97130129b:include/simdutf/implementation.h:3506
v1	rk-v1-b4331862253e9a3854477e6961a39e22eab275d2cdcc1b005d0d5c3112b32572	89	ConvertValidUTF32ToUTF16	wrapper_delegate	row	rk-v1-2d9d0f9805696f2e8c5a66ed70ebb9851a55880a7f986774b3a418dab2f3cb54	ConvertValidUTF32ToUTF16LE	docs/porting/simdutf-port-v1/inputs/planned-rows-v1.tsv:90;611becc2a08c27a4edc77d9a45ff74c97130129b:include/simdutf/implementation.h:3539
v1	rk-v1-b4331862253e9a3854477e6961a39e22eab275d2cdcc1b005d0d5c3112b32572	89	ConvertValidUTF32ToUTF16	wrapper_delegate	row	rk-v1-76c4359e6409326abb2364a580287202f81e8660a825855db064408027df1c14	ConvertValidUTF32ToUTF16BE	docs/porting/simdutf-port-v1/inputs/planned-rows-v1.tsv:90;611becc2a08c27a4edc77d9a45ff74c97130129b:include/simdutf/implementation.h:3539
v1	rk-v1-2d9d0f9805696f2e8c5a66ed70ebb9851a55880a7f986774b3a418dab2f3cb54	90	ConvertValidUTF32ToUTF16LE	shared_kernel_delegate	cell	cell-v1-6d6e25b066181332a31323a861bf11e45a2ad607491b538d212c2471668012c6	ConvertUTF32ToUTF16LE	611becc2a08c27a4edc77d9a45ff74c97130129b:include/simdutf/implementation.h:3217;611becc2a08c27a4edc77d9a45ff74c97130129b:src/westmere/sse_convert_utf32_to_utf16.cpp:1-1
v1	rk-v1-2d9d0f9805696f2e8c5a66ed70ebb9851a55880a7f986774b3a418dab2f3cb54	90	ConvertValidUTF32ToUTF16LE	shared_kernel_delegate	cell	cell-v1-55ee78d0a650620d71aa1f11e290f00b39120ce6ba802bb89063be86d0a232b2	ConvertUTF32ToUTF16LE	611becc2a08c27a4edc77d9a45ff74c97130129b:include/simdutf/implementation.h:3217;611becc2a08c27a4edc77d9a45ff74c97130129b:src/haswell/avx2_convert_utf32_to_utf16.cpp:1-1
v1	rk-v1-2d9d0f9805696f2e8c5a66ed70ebb9851a55880a7f986774b3a418dab2f3cb54	90	ConvertValidUTF32ToUTF16LE	shared_kernel_delegate	cell	cell-v1-91a184979e78920f7959db8ba2a4c17a1efd83abfe3a0e8b29c91b76bb940d80	ConvertUTF32ToUTF16LE	simd/archsimd Go 1.26.5:FC-v1-utf32-source audit row; required primitives: u32 range/surrogate checks, narrow/pack, UTF-8 shuffle/table packing, UTF-16 surrogate expansion/endian stores; available: archsimd/ops_amd64.go:Load,Store,Shuffle,And,Or,Xor; archsimd/compare_gen_amd64.go:Equal,LessThan; archsimd/maskmerge_gen_amd64.go:Mask
v1	rk-v1-2d9d0f9805696f2e8c5a66ed70ebb9851a55880a7f986774b3a418dab2f3cb54	90	ConvertValidUTF32ToUTF16LE	shared_kernel_delegate	cell	cell-v1-32b6ca97f5738848b14b1f79500183643a6f45e4dac742dc318df91f07db0a7f	ConvertUTF32ToUTF16LE	611becc2a08c27a4edc77d9a45ff74c97130129b:include/simdutf/implementation.h:3217;611becc2a08c27a4edc77d9a45ff74c97130129b:src/arm64/arm_convert_utf32_to_utf16.cpp:1-1
v1	rk-v1-76c4359e6409326abb2364a580287202f81e8660a825855db064408027df1c14	91	ConvertValidUTF32ToUTF16BE	shared_kernel_delegate	cell	cell-v1-65e0b6bd1b4fb60725a5243106c427143f139e50c56c528032a5dfe00ffd63be	ConvertUTF32ToUTF16BE	611becc2a08c27a4edc77d9a45ff74c97130129b:include/simdutf/implementation.h:3399;611becc2a08c27a4edc77d9a45ff74c97130129b:src/westmere/sse_convert_utf32_to_utf16.cpp:1-1
v1	rk-v1-76c4359e6409326abb2364a580287202f81e8660a825855db064408027df1c14	91	ConvertValidUTF32ToUTF16BE	shared_kernel_delegate	cell	cell-v1-8003e7b5d95b64da869949363a016385cb1b4d1d10ec297b9737ef2ccfb05351	ConvertUTF32ToUTF16BE	611becc2a08c27a4edc77d9a45ff74c97130129b:include/simdutf/implementation.h:3399;611becc2a08c27a4edc77d9a45ff74c97130129b:src/haswell/avx2_convert_utf32_to_utf16.cpp:1-1
v1	rk-v1-76c4359e6409326abb2364a580287202f81e8660a825855db064408027df1c14	91	ConvertValidUTF32ToUTF16BE	shared_kernel_delegate	cell	cell-v1-28d16597cba25ffe8d4e0c9c211ddb0eca9c56aa18fc3fe041ac13df969ec350	ConvertUTF32ToUTF16BE	simd/archsimd Go 1.26.5:FC-v1-utf32-source audit row; required primitives: u32 range/surrogate checks, narrow/pack, UTF-8 shuffle/table packing, UTF-16 surrogate expansion/endian stores; available: archsimd/ops_amd64.go:Load,Store,Shuffle,And,Or,Xor; archsimd/compare_gen_amd64.go:Equal,LessThan; archsimd/maskmerge_gen_amd64.go:Mask
v1	rk-v1-76c4359e6409326abb2364a580287202f81e8660a825855db064408027df1c14	91	ConvertValidUTF32ToUTF16BE	shared_kernel_delegate	cell	cell-v1-55311f2d1a36ca341a7fb1bdac2bd2bf6280cd7a0bc298ff6038dc105801e2c8	ConvertUTF32ToUTF16BE	611becc2a08c27a4edc77d9a45ff74c97130129b:include/simdutf/implementation.h:3399;611becc2a08c27a4edc77d9a45ff74c97130129b:src/arm64/arm_convert_utf32_to_utf16.cpp:1-1
v1	rk-v1-9e488fb55daed3bbd7a5a4c1ed9114746c6d042dab52acfffc71b2f145cce978	92	ChangeEndiannessUTF16	none	none			docs/porting/simdutf-port-v1/inputs/planned-rows-v1.tsv:93;611becc2a08c27a4edc77d9a45ff74c97130129b:include/simdutf/implementation.h:3644
v1	rk-v1-b1dac19023361ad33eeba6e9e13ad44e6a6331506c85693a8c8ea6e8d3543254	93	UTF8LengthFromUTF32	none	none			docs/porting/simdutf-port-v1/inputs/planned-rows-v1.tsv:94;611becc2a08c27a4edc77d9a45ff74c97130129b:include/simdutf/implementation.h:3676
v1	rk-v1-aa68d18f93f74ffbc2306be91bf5fcb448825312b0fdc18a06f041242980edac	94	UTF16LengthFromUTF32	none	none			docs/porting/simdutf-port-v1/inputs/planned-rows-v1.tsv:95;611becc2a08c27a4edc77d9a45ff74c97130129b:include/simdutf/implementation.h:3707
v1	rk-v1-2d7549c295ce262887bf7ca01be00b4c469cf9c4c81adec7aab3c10d46cef675	95	UTF32LengthFromUTF16	wrapper_delegate	row	rk-v1-13fdf244ba31aed9abc8748be6d3e46983dae13415e7f0c437a2ae10a4751ac2	UTF32LengthFromUTF16BE	docs/porting/simdutf-port-v1/inputs/planned-rows-v1.tsv:96;611becc2a08c27a4edc77d9a45ff74c97130129b:include/simdutf/implementation.h:3740
v1	rk-v1-2d7549c295ce262887bf7ca01be00b4c469cf9c4c81adec7aab3c10d46cef675	95	UTF32LengthFromUTF16	wrapper_delegate	row	rk-v1-b181cb4a2746cce5c240b6d444498f5d37d6c2f8f98d7ed0406b5fad3e0b070a	UTF32LengthFromUTF16LE	docs/porting/simdutf-port-v1/inputs/planned-rows-v1.tsv:96;611becc2a08c27a4edc77d9a45ff74c97130129b:include/simdutf/implementation.h:3740
v1	rk-v1-b181cb4a2746cce5c240b6d444498f5d37d6c2f8f98d7ed0406b5fad3e0b070a	96	UTF32LengthFromUTF16LE	none	none			docs/porting/simdutf-port-v1/inputs/planned-rows-v1.tsv:97;611becc2a08c27a4edc77d9a45ff74c97130129b:include/simdutf/implementation.h:3773
v1	rk-v1-13fdf244ba31aed9abc8748be6d3e46983dae13415e7f0c437a2ae10a4751ac2	97	UTF32LengthFromUTF16BE	none	none			docs/porting/simdutf-port-v1/inputs/planned-rows-v1.tsv:98;611becc2a08c27a4edc77d9a45ff74c97130129b:include/simdutf/implementation.h:3807
v1	rk-v1-989ea38c71bdbbb4fc8334a5538ef785c2f35e95fa599edff76a2ba498d1b5a5	98	CountUTF16	wrapper_delegate	row	rk-v1-572016c90a1e54bdd49a85c57a26b1e407f3c9be0559fb395c62c4b6ee197679	CountUTF16BE	docs/porting/simdutf-port-v1/inputs/planned-rows-v1.tsv:99;611becc2a08c27a4edc77d9a45ff74c97130129b:include/simdutf/implementation.h:3842
v1	rk-v1-989ea38c71bdbbb4fc8334a5538ef785c2f35e95fa599edff76a2ba498d1b5a5	98	CountUTF16	wrapper_delegate	row	rk-v1-b8956cd7054389f907740438f5326fbfc5061d813dfb885a35a2d8abfe679a4b	CountUTF16LE	docs/porting/simdutf-port-v1/inputs/planned-rows-v1.tsv:99;611becc2a08c27a4edc77d9a45ff74c97130129b:include/simdutf/implementation.h:3842
v1	rk-v1-b8956cd7054389f907740438f5326fbfc5061d813dfb885a35a2d8abfe679a4b	99	CountUTF16LE	none	none			docs/porting/simdutf-port-v1/inputs/planned-rows-v1.tsv:100;611becc2a08c27a4edc77d9a45ff74c97130129b:include/simdutf/implementation.h:3873
v1	rk-v1-572016c90a1e54bdd49a85c57a26b1e407f3c9be0559fb395c62c4b6ee197679	100	CountUTF16BE	none	none			docs/porting/simdutf-port-v1/inputs/planned-rows-v1.tsv:101;611becc2a08c27a4edc77d9a45ff74c97130129b:include/simdutf/implementation.h:3904
v1	rk-v1-25e033ef77ccc3e63c07ac741076ce1d84aa0a3ba6092aa340f75360014b4a9d	101	TrimPartialUTF16BE	none	none			docs/porting/simdutf-port-v1/inputs/planned-rows-v1.tsv:102;611becc2a08c27a4edc77d9a45ff74c97130129b:include/simdutf/implementation.h:4002
v1	rk-v1-816fabaa7b64ee597f682171467fa59e0bb120a20c806dc2336a281f17cfe3a0	102	TrimPartialUTF16LE	none	none			docs/porting/simdutf-port-v1/inputs/planned-rows-v1.tsv:103;611becc2a08c27a4edc77d9a45ff74c97130129b:include/simdutf/implementation.h:4034
v1	rk-v1-733f4040d68277629ef333d777ae72a6b1247ff05b9ef3a873bf4fb443ff39e5	103	TrimPartialUTF16	none	none			docs/porting/simdutf-port-v1/inputs/planned-rows-v1.tsv:104;611becc2a08c27a4edc77d9a45ff74c97130129b:include/simdutf/implementation.h:4066
v1	rk-v1-37e6ac38121f9cd40c7230d0632b0525c1ddb2f0dea84a2f4a60cced70084f6d	104	Find	none	none			docs/porting/simdutf-port-v1/inputs/planned-rows-v1.tsv:105;611becc2a08c27a4edc77d9a45ff74c97130129b:include/simdutf/implementation.h:4158
v1	rk-v1-387954bdef28fa555492c2ce9c51bf34e116cc2f5a9c08e04d7763aa0b07b507	105	FindUTF16	none	none			docs/porting/simdutf-port-v1/inputs/planned-rows-v1.tsv:106;611becc2a08c27a4edc77d9a45ff74c97130129b:include/simdutf/implementation.h:4172
v1	rk-v1-50b21783520f709fd5e0f5f80ed6b53c727e0792ad023002f01b5e8879079883	106	MaximalBinaryLengthFromBase64	none	none			docs/porting/simdutf-port-v1/inputs/planned-rows-v1.tsv:107;611becc2a08c27a4edc77d9a45ff74c97130129b:include/simdutf/implementation.h:4244
v1	rk-v1-5a666b1e7fdbfce6ec632d54462273c049cddfc1addf0757fe9fb729bf970987	107	MaximalBinaryLengthFromBase64UTF16	none	none			docs/porting/simdutf-port-v1/inputs/planned-rows-v1.tsv:108;611becc2a08c27a4edc77d9a45ff74c97130129b:include/simdutf/implementation.h:4276
v1	rk-v1-9dad734064ad53eb48805e361a95f077dead8f178dbea3cb68beb54a7313cd73	108	BinaryLengthFromBase64	none	none			docs/porting/simdutf-port-v1/inputs/planned-rows-v1.tsv:109;611becc2a08c27a4edc77d9a45ff74c97130129b:include/simdutf/implementation.h:4307
v1	rk-v1-37945655ce47d18f868420938978757bd41a0e0da213b742158a8167e2bf3b09	109	BinaryLengthFromBase64UTF16	none	none			docs/porting/simdutf-port-v1/inputs/planned-rows-v1.tsv:110;611becc2a08c27a4edc77d9a45ff74c97130129b:include/simdutf/implementation.h:4341
v1	rk-v1-ac71416aab71b2a2192e4135abe8bb197dea5f8d244187521fd4778da85416a7	110	Base64ToBinary	none	none			docs/porting/simdutf-port-v1/inputs/planned-rows-v1.tsv:111;611becc2a08c27a4edc77d9a45ff74c97130129b:include/simdutf/implementation.h:4412
v1	rk-v1-feba86b6f7e4b0dbdef40519dbc718619da7ee8b29f1c152dde0e6c61ffc71da	111	Base64ToBinaryUTF16	none	none			docs/porting/simdutf-port-v1/inputs/planned-rows-v1.tsv:112;611becc2a08c27a4edc77d9a45ff74c97130129b:include/simdutf/implementation.h:4674
v1	rk-v1-8b7dab9a0de485c9b8fdeb694d290f44929a4c79ef57dbcdd566be92aa86754c	112	Base64LengthFromBinary	none	none			docs/porting/simdutf-port-v1/inputs/planned-rows-v1.tsv:113;611becc2a08c27a4edc77d9a45ff74c97130129b:include/simdutf/implementation.h:4446
v1	rk-v1-7a19427f3ffa5b8b45947a709a09a0f2671f3bd6b08cb8ceb437c64dac10c451	113	Base64LengthFromBinaryWithLines	none	none			docs/porting/simdutf-port-v1/inputs/planned-rows-v1.tsv:114;611becc2a08c27a4edc77d9a45ff74c97130129b:include/simdutf/implementation.h:4462
v1	rk-v1-f90752995a313f8265e357fd0f9ffbe92f6b7c08a219168b5c3c69f8df284b2f	114	BinaryToBase64	none	none			docs/porting/simdutf-port-v1/inputs/planned-rows-v1.tsv:115;611becc2a08c27a4edc77d9a45ff74c97130129b:include/simdutf/implementation.h:4490
v1	rk-v1-96de3068de76d8c676cd15270b401d02ce26867042e4af2cf176b015826a081b	115	BinaryToBase64WithLines	none	none			docs/porting/simdutf-port-v1/inputs/planned-rows-v1.tsv:116;611becc2a08c27a4edc77d9a45ff74c97130129b:include/simdutf/implementation.h:4536
v1	rk-v1-2ac3efd97f13e0754e432673c7e0d651c796332a49ccce71baa9fe483c5c2a17	116	Base64ToBinaryDetails	shared_kernel_delegate	cell	cell-v1-5c7f41c3b86cc05e5e379f7ba41f585854cf98570ddd818a88cdbcefba44e4b3	Base64ToBinary	611becc2a08c27a4edc77d9a45ff74c97130129b:include/simdutf/implementation.h:4412;611becc2a08c27a4edc77d9a45ff74c97130129b:src/westmere/implementation.cp:1-1p:1326-1354;611becc2a08c27a4edc77d9a45ff74c97130129b:src/generic/base64.h:1-1
v1	rk-v1-2ac3efd97f13e0754e432673c7e0d651c796332a49ccce71baa9fe483c5c2a17	116	Base64ToBinaryDetails	shared_kernel_delegate	cell	cell-v1-034d3bfd9e852574848def90e6147e53e112508aaa176770925ffb59239fbcd1	Base64ToBinary	611becc2a08c27a4edc77d9a45ff74c97130129b:include/simdutf/implementation.h:4412;611becc2a08c27a4edc77d9a45ff74c97130129b:src/haswell/implementation.cp:1-1p:1295-1323;611becc2a08c27a4edc77d9a45ff74c97130129b:src/generic/base64.h:1-1
v1	rk-v1-2ac3efd97f13e0754e432673c7e0d651c796332a49ccce71baa9fe483c5c2a17	116	Base64ToBinaryDetails	shared_kernel_delegate	cell	cell-v1-339f5c7b4a73caa088b984cedd0209833e7678938dd4e4943758a45c57bd825a	Base64ToBinary	simd/archsimd Go 1.26.5:FC-v1-base64 audit row; required primitives: shuffle/unpack, alphabet lookup, pack/store, line insertion; decode classification, whitespace/padding masks, compression, first-invalid index; available: archsimd/ops_amd64.go:Load,Store,Shuffle,And,Or,Xor; archsimd/compare_gen_amd64.go:Equal,LessThan; archsimd/maskmerge_gen_amd64.go:Mask
v1	rk-v1-2ac3efd97f13e0754e432673c7e0d651c796332a49ccce71baa9fe483c5c2a17	116	Base64ToBinaryDetails	shared_kernel_delegate	cell	cell-v1-4e2bea34bdc6662267982a7d8fbc3c3656bff3b7037d5688377381190406523e	Base64ToBinary	611becc2a08c27a4edc77d9a45ff74c97130129b:include/simdutf/implementation.h:4412;611becc2a08c27a4edc77d9a45ff74c97130129b:src/arm64/implementation.cp:1-1p:1299-1327;611becc2a08c27a4edc77d9a45ff74c97130129b:src/arm64/arm_base64.cpp:1-1
v1	rk-v1-c25d8902351c52a70076a0c32e89306dc8c5d1eefb01a038fc3f4c51fa8c7b68	117	Base64ToBinaryDetailsUTF16	shared_kernel_delegate	cell	cell-v1-3fcfe3d5625dbeb0fd171ca778c4f9ec917785529f94dbbe9feec27f60bc0e90	Base64ToBinaryUTF16	611becc2a08c27a4edc77d9a45ff74c97130129b:include/simdutf/implementation.h:4674;611becc2a08c27a4edc77d9a45ff74c97130129b:src/westmere/implementation.cp:1-1p:1386-1414;611becc2a08c27a4edc77d9a45ff74c97130129b:src/generic/base64.h:1-1
v1	rk-v1-c25d8902351c52a70076a0c32e89306dc8c5d1eefb01a038fc3f4c51fa8c7b68	117	Base64ToBinaryDetailsUTF16	shared_kernel_delegate	cell	cell-v1-5e6a0dba608d94ff8633cfe0f55f5c223f291df0842bef9746a15ebbb4dd027b	Base64ToBinaryUTF16	611becc2a08c27a4edc77d9a45ff74c97130129b:include/simdutf/implementation.h:4674;611becc2a08c27a4edc77d9a45ff74c97130129b:src/haswell/implementation.cp:1-1p:1355-1383;611becc2a08c27a4edc77d9a45ff74c97130129b:src/generic/base64.h:1-1
v1	rk-v1-c25d8902351c52a70076a0c32e89306dc8c5d1eefb01a038fc3f4c51fa8c7b68	117	Base64ToBinaryDetailsUTF16	shared_kernel_delegate	cell	cell-v1-7991ada1419a1b39067a4bc902026e2449db1367bb31a371998d41e751362bce	Base64ToBinaryUTF16	simd/archsimd Go 1.26.5:FC-v1-base64 audit row; required primitives: shuffle/unpack, alphabet lookup, pack/store, line insertion; decode classification, whitespace/padding masks, compression, first-invalid index; available: archsimd/ops_amd64.go:Load,Store,Shuffle,And,Or,Xor; archsimd/compare_gen_amd64.go:Equal,LessThan; archsimd/maskmerge_gen_amd64.go:Mask
v1	rk-v1-c25d8902351c52a70076a0c32e89306dc8c5d1eefb01a038fc3f4c51fa8c7b68	117	Base64ToBinaryDetailsUTF16	shared_kernel_delegate	cell	cell-v1-cb8777ca848ae385da9926ab34da5c995e100bf8d052bb9e0bd6a1500294b201	Base64ToBinaryUTF16	611becc2a08c27a4edc77d9a45ff74c97130129b:include/simdutf/implementation.h:4674;611becc2a08c27a4edc77d9a45ff74c97130129b:src/arm64/implementation.cp:1-1p:1359-1387;611becc2a08c27a4edc77d9a45ff74c97130129b:src/arm64/arm_base64.cpp:1-1
v1	rk-v1-b46eed8155e8711cadc444b70bb4902b6bd0ff1fa2c56e91aa3c246d98a50496	118	Base64Ignorable	none	none			docs/porting/simdutf-port-v1/inputs/planned-rows-v1.tsv:119;611becc2a08c27a4edc77d9a45ff74c97130129b:include/simdutf/implementation.h:4862
v1	rk-v1-54c21357a483598befd84fbc768831037f6ad11a57ab95af598f1ef0976a72ed	119	Base64IgnorableUTF16	none	none			docs/porting/simdutf-port-v1/inputs/planned-rows-v1.tsv:120;611becc2a08c27a4edc77d9a45ff74c97130129b:include/simdutf/implementation.h:4866
v1	rk-v1-48054ee9944c5846d4d39acc5c3a4f6cf83b646f1ceb9e1c866a2d9724cc534d	120	Base64Valid	none	none			docs/porting/simdutf-port-v1/inputs/planned-rows-v1.tsv:121;611becc2a08c27a4edc77d9a45ff74c97130129b:include/simdutf/implementation.h:4883
v1	rk-v1-39ae2dfb9309be31ab1bf5ac86f0adf60d2fab289e1a9b516c5706edbc00497a	121	Base64ValidUTF16	none	none			docs/porting/simdutf-port-v1/inputs/planned-rows-v1.tsv:122;611becc2a08c27a4edc77d9a45ff74c97130129b:include/simdutf/implementation.h:4887
v1	rk-v1-925c9723885fa27cffa8081cb6d18cf709b414feb19864a5ace5428db8b18323	122	Base64ValidOrPadding	none	none			docs/porting/simdutf-port-v1/inputs/planned-rows-v1.tsv:123;611becc2a08c27a4edc77d9a45ff74c97130129b:include/simdutf/implementation.h:4901
v1	rk-v1-02b389379d8eddc42028e988ebab7a6f6d9316ea361be0fd7987069ec7f487ca	123	Base64ValidOrPaddingUTF16	none	none			docs/porting/simdutf-port-v1/inputs/planned-rows-v1.tsv:124;611becc2a08c27a4edc77d9a45ff74c97130129b:include/simdutf/implementation.h:4906
v1	rk-v1-14d973be79b097ee820076a9b50aa8a21b93bab4e25712f9e6323fabb4ddd645	124	Base64ToBinarySafe	wrapper_delegate	row	rk-v1-ac71416aab71b2a2192e4135abe8bb197dea5f8d244187521fd4778da85416a7	Base64ToBinary	611becc2a08c27a4edc77d9a45ff74c97130129b:include/simdutf/implementation.h:4979;dependency:Base64ToBinary
v1	rk-v1-2533351259b6b897f9b0a419a60063a6d3ceaf2cd2006ef2af57f1b27cacb691	125	Base64ToBinarySafeUTF16	wrapper_delegate	row	rk-v1-feba86b6f7e4b0dbdef40519dbc718619da7ee8b29f1c152dde0e6c61ffc71da	Base64ToBinaryUTF16	611becc2a08c27a4edc77d9a45ff74c97130129b:include/simdutf/implementation.h:4987;dependency:Base64ToBinaryUTF16
