schema_version	set_name	ordinal	value_hex	evidence_anchor
locked-sets-v1	current_public_api	1	636f6e7374094261736536345265766572736550616464696e670975696e7436340932	testdata/public-api.golden:1
locked-sets-v1	current_public_api	2	636f6e73740944656661756c744c696e654c656e67746809696e74093736	testdata/public-api.golden:2
locked-sets-v1	current_public_api	3	656e756d2d636f6e73740942617365363444656661756c74094261736536344f7074696f6e730930	testdata/public-api.golden:3
locked-sets-v1	current_public_api	4	656e756d2d636f6e73740942617365363444656661756c7441636365707447617262616765094261736536344f7074696f6e730934	testdata/public-api.golden:4
locked-sets-v1	current_public_api	5	656e756d2d636f6e73740942617365363444656661756c744e6f50616464696e67094261736536344f7074696f6e730932	testdata/public-api.golden:5
locked-sets-v1	current_public_api	6	656e756d2d636f6e73740942617365363444656661756c744f7255524c094261736536344f7074696f6e730938	testdata/public-api.golden:6
locked-sets-v1	current_public_api	7	656e756d2d636f6e73740942617365363444656661756c744f7255524c41636365707447617262616765094261736536344f7074696f6e73093132	testdata/public-api.golden:7
locked-sets-v1	current_public_api	8	656e756d2d636f6e737409426173653634457874726142697473094572726f72436f64650939	testdata/public-api.golden:8
locked-sets-v1	current_public_api	9	656e756d2d636f6e737409426173653634496e70757452656d61696e646572094572726f72436f64650938	testdata/public-api.golden:9
locked-sets-v1	current_public_api	10	656e756d2d636f6e73740942617365363455524c094261736536344f7074696f6e730931	testdata/public-api.golden:10
locked-sets-v1	current_public_api	11	656e756d2d636f6e73740942617365363455524c41636365707447617262616765094261736536344f7074696f6e730935	testdata/public-api.golden:11
locked-sets-v1	current_public_api	12	656e756d2d636f6e73740942617365363455524c5769746850616464696e67094261736536344f7074696f6e730933	testdata/public-api.golden:12
locked-sets-v1	current_public_api	13	656e756d2d636f6e73740948656164657242697473094572726f72436f64650931	testdata/public-api.golden:13
locked-sets-v1	current_public_api	14	656e756d2d636f6e737409496e76616c6964426173653634436861726163746572094572726f72436f64650937	testdata/public-api.golden:14
locked-sets-v1	current_public_api	15	656e756d2d636f6e7374094c6174696e3109456e636f64696e67093332	testdata/public-api.golden:15
locked-sets-v1	current_public_api	16	656e756d2d636f6e7374094c6f6f7365094c6173744368756e6b48616e646c696e674f7074696f6e730930	testdata/public-api.golden:16
locked-sets-v1	current_public_api	17	656e756d2d636f6e7374094f6e6c7946756c6c4368756e6b73094c6173744368756e6b48616e646c696e674f7074696f6e730933	testdata/public-api.golden:17
locked-sets-v1	current_public_api	18	656e756d2d636f6e7374094f74686572094572726f72436f6465093131	testdata/public-api.golden:18
locked-sets-v1	current_public_api	19	656e756d2d636f6e7374094f7574707574427566666572546f6f536d616c6c094572726f72436f6465093130	testdata/public-api.golden:19
locked-sets-v1	current_public_api	20	656e756d2d636f6e7374094f7665726c6f6e67094572726f72436f64650934	testdata/public-api.golden:20
locked-sets-v1	current_public_api	21	656e756d2d636f6e73740953746f704265666f72655061727469616c094c6173744368756e6b48616e646c696e674f7074696f6e730932	testdata/public-api.golden:21
locked-sets-v1	current_public_api	22	656e756d2d636f6e737409537472696374094c6173744368756e6b48616e646c696e674f7074696f6e730931	testdata/public-api.golden:22
locked-sets-v1	current_public_api	23	656e756d2d636f6e73740953756363657373094572726f72436f64650930	testdata/public-api.golden:23
locked-sets-v1	current_public_api	24	656e756d2d636f6e737409537572726f67617465094572726f72436f64650936	testdata/public-api.golden:24
locked-sets-v1	current_public_api	25	656e756d2d636f6e737409546f6f4c61726765094572726f72436f64650935	testdata/public-api.golden:25
locked-sets-v1	current_public_api	26	656e756d2d636f6e737409546f6f4c6f6e67094572726f72436f64650933	testdata/public-api.golden:26
locked-sets-v1	current_public_api	27	656e756d2d636f6e737409546f6f53686f7274094572726f72436f64650932	testdata/public-api.golden:27
locked-sets-v1	current_public_api	28	656e756d2d636f6e7374095554463136424509456e636f64696e670934	testdata/public-api.golden:28
locked-sets-v1	current_public_api	29	656e756d2d636f6e73740955544631364c4509456e636f64696e670932	testdata/public-api.golden:29
locked-sets-v1	current_public_api	30	656e756d2d636f6e7374095554463332424509456e636f64696e67093136	testdata/public-api.golden:30
locked-sets-v1	current_public_api	31	656e756d2d636f6e73740955544633324c4509456e636f64696e670938	testdata/public-api.golden:31
locked-sets-v1	current_public_api	32	656e756d2d636f6e7374095554463809456e636f64696e670931	testdata/public-api.golden:32
locked-sets-v1	current_public_api	33	656e756d2d636f6e737409556e73706563696669656409456e636f64696e670930	testdata/public-api.golden:33
locked-sets-v1	current_public_api	34	6669656c640946756c6c526573756c742e4572726f720930094572726f72436f646509656d6265646465643d66616c7365097461673d2222	testdata/public-api.golden:34
locked-sets-v1	current_public_api	35	6669656c640946756c6c526573756c742e496e707574436f756e74093109696e7409656d6265646465643d66616c7365097461673d2222	testdata/public-api.golden:35
locked-sets-v1	current_public_api	36	6669656c640946756c6c526573756c742e4f7574707574436f756e74093209696e7409656d6265646465643d66616c7365097461673d2222	testdata/public-api.golden:36
locked-sets-v1	current_public_api	37	6669656c640946756c6c526573756c742e50616464696e674572726f72093309626f6f6c09656d6265646465643d66616c7365097461673d2222	testdata/public-api.golden:37
locked-sets-v1	current_public_api	38	6669656c6409526573756c742e436f756e74093109696e7409656d6265646465643d66616c7365097461673d2222	testdata/public-api.golden:38
locked-sets-v1	current_public_api	39	6669656c6409526573756c742e4572726f720930094572726f72436f646509656d6265646465643d66616c7365097461673d2222	testdata/public-api.golden:39
locked-sets-v1	current_public_api	40	66756e6309424f4d4279746553697a650966756e6328456e636f64696e672920696e74	testdata/public-api.golden:40
locked-sets-v1	current_public_api	41	66756e63094261736536344f7074696f6e73537472696e670966756e63284261736536344f7074696f6e732920737472696e67	testdata/public-api.golden:41
locked-sets-v1	current_public_api	42	66756e6309436865636b424f4d0966756e63285b5d627974652920456e636f64696e67	testdata/public-api.golden:42
locked-sets-v1	current_public_api	43	66756e6309436f756e74555446380966756e63285b5d627974652920696e74	testdata/public-api.golden:43
locked-sets-v1	current_public_api	44	66756e6309456e636f64696e67537472696e670966756e6328456e636f64696e672920737472696e67	testdata/public-api.golden:44
locked-sets-v1	current_public_api	45	66756e63094572726f72546f537472696e670966756e63284572726f72436f64652920737472696e67	testdata/public-api.golden:45
locked-sets-v1	current_public_api	46	66756e630949735061727469616c0966756e63284c6173744368756e6b48616e646c696e674f7074696f6e732920626f6f6c	testdata/public-api.golden:46
locked-sets-v1	current_public_api	47	66756e63094c6173744368756e6b48616e646c696e674f7074696f6e73537472696e670966756e63284c6173744368756e6b48616e646c696e674f7074696f6e732920737472696e67	testdata/public-api.golden:47
locked-sets-v1	current_public_api	48	66756e63094c6174696e314c656e67746846726f6d555446380966756e63285b5d627974652920696e74	testdata/public-api.golden:48
locked-sets-v1	current_public_api	49	66756e63095472696d5061727469616c555446380966756e63285b5d627974652920696e74	testdata/public-api.golden:49
locked-sets-v1	current_public_api	50	66756e630955544631364c656e67746846726f6d555446380966756e63285b5d627974652920696e74	testdata/public-api.golden:50
locked-sets-v1	current_public_api	51	66756e630955544633324c656e67746846726f6d555446380966756e63285b5d627974652920696e74	testdata/public-api.golden:51
locked-sets-v1	current_public_api	52	66756e630956616c696461746541534349490966756e63285b5d627974652920626f6f6c	testdata/public-api.golden:52
locked-sets-v1	current_public_api	53	66756e630956616c69646174654153434949576974684572726f72730966756e63285b5d627974652920526573756c74	testdata/public-api.golden:53
locked-sets-v1	current_public_api	54	66756e630956616c69646174655554463136417341534349490966756e63285b5d75696e7431362920626f6f6c	testdata/public-api.golden:54
locked-sets-v1	current_public_api	55	66756e630956616c696461746555544631364245417341534349490966756e63285b5d75696e7431362920626f6f6c	testdata/public-api.golden:55
locked-sets-v1	current_public_api	56	66756e630956616c696461746555544631364c45417341534349490966756e63285b5d75696e7431362920626f6f6c	testdata/public-api.golden:56
locked-sets-v1	current_public_api	57	66756e630956616c6964617465555446380966756e63285b5d627974652920626f6f6c	testdata/public-api.golden:57
locked-sets-v1	current_public_api	58	66756e630956616c696461746555544638576974684572726f72730966756e63285b5d627974652920526573756c74	testdata/public-api.golden:58
locked-sets-v1	current_public_api	59	6d6574686f640946756c6c526573756c742e526573756c740946756c6c526573756c740966756e63282920526573756c74	testdata/public-api.golden:59
locked-sets-v1	current_public_api	60	6d6574686f6409526573756c742e497345727209526573756c740966756e63282920626f6f6c	testdata/public-api.golden:60
locked-sets-v1	current_public_api	61	6d6574686f6409526573756c742e49734f4b09526573756c740966756e63282920626f6f6c	testdata/public-api.golden:61
locked-sets-v1	current_public_api	62	74797065094261736536344f7074696f6e730975696e743634	testdata/public-api.golden:62
locked-sets-v1	current_public_api	63	7479706509456e636f64696e670975696e7438	testdata/public-api.golden:63
locked-sets-v1	current_public_api	64	74797065094572726f72436f64650975696e7438	testdata/public-api.golden:64
locked-sets-v1	current_public_api	65	747970650946756c6c526573756c7409737472756374	testdata/public-api.golden:65
locked-sets-v1	current_public_api	66	74797065094c6173744368756e6b48616e646c696e674f7074696f6e730975696e743634	testdata/public-api.golden:66
locked-sets-v1	current_public_api	67	7479706509526573756c7409737472756374	testdata/public-api.golden:67
locked-sets-v1	planned_api_contract	1	31383a4175746f646574656374456e636f64696e6734363a66756e63204175746f646574656374456e636f64696e6728696e707574205b5d627974652920456e636f64696e67	docs/porting/simdutf-port-v1/inputs/planned-rows-v1.tsv:2
locked-sets-v1	planned_api_contract	2	31353a446574656374456e636f64696e677334333a66756e6320446574656374456e636f64696e677328696e707574205b5d627974652920456e636f64696e67	docs/porting/simdutf-port-v1/inputs/planned-rows-v1.tsv:3
locked-sets-v1	planned_api_contract	3	31333a56616c6964617465555446313633393a66756e632056616c6964617465555446313628696e707574205b5d75696e7431362920626f6f6c	docs/porting/simdutf-port-v1/inputs/planned-rows-v1.tsv:4
locked-sets-v1	planned_api_contract	4	31353a56616c696461746555544631364c4534313a66756e632056616c696461746555544631364c4528696e707574205b5d75696e7431362920626f6f6c	docs/porting/simdutf-port-v1/inputs/planned-rows-v1.tsv:5
locked-sets-v1	planned_api_contract	5	31353a56616c69646174655554463136424534313a66756e632056616c69646174655554463136424528696e707574205b5d75696e7431362920626f6f6c	docs/porting/simdutf-port-v1/inputs/planned-rows-v1.tsv:6
locked-sets-v1	planned_api_contract	6	32333a56616c69646174655554463136576974684572726f727335313a66756e632056616c69646174655554463136576974684572726f727328696e707574205b5d75696e7431362920526573756c74	docs/porting/simdutf-port-v1/inputs/planned-rows-v1.tsv:7
locked-sets-v1	planned_api_contract	7	32353a56616c696461746555544631364c45576974684572726f727335333a66756e632056616c696461746555544631364c45576974684572726f727328696e707574205b5d75696e7431362920526573756c74	docs/porting/simdutf-port-v1/inputs/planned-rows-v1.tsv:8
locked-sets-v1	planned_api_contract	8	32353a56616c696461746555544631364245576974684572726f727335333a66756e632056616c696461746555544631364245576974684572726f727328696e707574205b5d75696e7431362920526573756c74	docs/porting/simdutf-port-v1/inputs/planned-rows-v1.tsv:9
locked-sets-v1	planned_api_contract	9	31393a546f57656c6c466f726d656455544631364c4534353a66756e6320546f57656c6c466f726d656455544631364c4528696e7075742c20647374205b5d75696e74313629	docs/porting/simdutf-port-v1/inputs/planned-rows-v1.tsv:10
locked-sets-v1	planned_api_contract	10	31393a546f57656c6c466f726d65645554463136424534353a66756e6320546f57656c6c466f726d65645554463136424528696e7075742c20647374205b5d75696e74313629	docs/porting/simdutf-port-v1/inputs/planned-rows-v1.tsv:11
locked-sets-v1	planned_api_contract	11	31373a546f57656c6c466f726d6564555446313634333a66756e6320546f57656c6c466f726d6564555446313628696e7075742c20647374205b5d75696e74313629	docs/porting/simdutf-port-v1/inputs/planned-rows-v1.tsv:12
locked-sets-v1	planned_api_contract	12	31333a56616c6964617465555446333233393a66756e632056616c6964617465555446333228696e707574205b5d75696e7433322920626f6f6c	docs/porting/simdutf-port-v1/inputs/planned-rows-v1.tsv:13
locked-sets-v1	planned_api_contract	13	32333a56616c69646174655554463332576974684572726f727335313a66756e632056616c69646174655554463332576974684572726f727328696e707574205b5d75696e7433322920526573756c74	docs/porting/simdutf-port-v1/inputs/planned-rows-v1.tsv:14
locked-sets-v1	planned_api_contract	14	31393a436f6e766572744c6174696e31546f5554463835343a66756e6320436f6e766572744c6174696e31546f5554463828696e707574205b5d627974652c20647374205b5d627974652920696e74	docs/porting/simdutf-port-v1/inputs/planned-rows-v1.tsv:15
locked-sets-v1	planned_api_contract	15	32333a436f6e766572744c6174696e31546f555446385361666535383a66756e6320436f6e766572744c6174696e31546f555446385361666528696e707574205b5d627974652c20647374205b5d627974652920696e74	docs/porting/simdutf-port-v1/inputs/planned-rows-v1.tsv:16
locked-sets-v1	planned_api_contract	16	32323a436f6e766572744c6174696e31546f55544631364c4535393a66756e6320436f6e766572744c6174696e31546f55544631364c4528696e707574205b5d627974652c20647374205b5d75696e7431362920696e74	docs/porting/simdutf-port-v1/inputs/planned-rows-v1.tsv:17
locked-sets-v1	planned_api_contract	17	32323a436f6e766572744c6174696e31546f5554463136424535393a66756e6320436f6e766572744c6174696e31546f5554463136424528696e707574205b5d627974652c20647374205b5d75696e7431362920696e74	docs/porting/simdutf-port-v1/inputs/planned-rows-v1.tsv:18
locked-sets-v1	planned_api_contract	18	32313a4c6174696e314c656e67746846726f6d555446313634323a66756e63204c6174696e314c656e67746846726f6d5554463136286c656e67746820696e742920696e74	docs/porting/simdutf-port-v1/inputs/planned-rows-v1.tsv:19
locked-sets-v1	planned_api_contract	19	32313a55544631364c656e67746846726f6d4c6174696e3134323a66756e632055544631364c656e67746846726f6d4c6174696e31286c656e67746820696e742920696e74	docs/porting/simdutf-port-v1/inputs/planned-rows-v1.tsv:20
locked-sets-v1	planned_api_contract	20	32303a436f6e766572744c6174696e31546f555446333235373a66756e6320436f6e766572744c6174696e31546f555446333228696e707574205b5d627974652c20647374205b5d75696e7433322920696e74	docs/porting/simdutf-port-v1/inputs/planned-rows-v1.tsv:21
locked-sets-v1	planned_api_contract	21	31393a436f6e7665727455544638546f4c6174696e3135343a66756e6320436f6e7665727455544638546f4c6174696e3128696e707574205b5d627974652c20647374205b5d627974652920696e74	docs/porting/simdutf-port-v1/inputs/planned-rows-v1.tsv:22
locked-sets-v1	planned_api_contract	22	31383a436f6e7665727455544638546f555446313635353a66756e6320436f6e7665727455544638546f555446313628696e707574205b5d627974652c20647374205b5d75696e7431362920696e74	docs/porting/simdutf-port-v1/inputs/planned-rows-v1.tsv:23
locked-sets-v1	planned_api_contract	23	33363a555446384c656e67746846726f6d55544631364c45576974685265706c6163656d656e7436343a66756e6320555446384c656e67746846726f6d55544631364c45576974685265706c6163656d656e7428696e707574205b5d75696e7431362920526573756c74	docs/porting/simdutf-port-v1/inputs/planned-rows-v1.tsv:24
locked-sets-v1	planned_api_contract	24	33363a555446384c656e67746846726f6d55544631364245576974685265706c6163656d656e7436343a66756e6320555446384c656e67746846726f6d55544631364245576974685265706c6163656d656e7428696e707574205b5d75696e7431362920526573756c74	docs/porting/simdutf-port-v1/inputs/planned-rows-v1.tsv:25
locked-sets-v1	planned_api_contract	25	32303a436f6e766572744c6174696e31546f555446313635373a66756e6320436f6e766572744c6174696e31546f555446313628696e707574205b5d627974652c20647374205b5d75696e7431362920696e74	docs/porting/simdutf-port-v1/inputs/planned-rows-v1.tsv:26
locked-sets-v1	planned_api_contract	26	32303a436f6e7665727455544638546f55544631364c4535373a66756e6320436f6e7665727455544638546f55544631364c4528696e707574205b5d627974652c20647374205b5d75696e7431362920696e74	docs/porting/simdutf-port-v1/inputs/planned-rows-v1.tsv:27
locked-sets-v1	planned_api_contract	27	32303a436f6e7665727455544638546f5554463136424535373a66756e6320436f6e7665727455544638546f5554463136424528696e707574205b5d627974652c20647374205b5d75696e7431362920696e74	docs/porting/simdutf-port-v1/inputs/planned-rows-v1.tsv:28
locked-sets-v1	planned_api_contract	28	32393a436f6e7665727455544638546f4c6174696e31576974684572726f727336373a66756e6320436f6e7665727455544638546f4c6174696e31576974684572726f727328696e707574205b5d627974652c20647374205b5d627974652920526573756c74	docs/porting/simdutf-port-v1/inputs/planned-rows-v1.tsv:29
locked-sets-v1	planned_api_contract	29	32383a436f6e7665727455544638546f5554463136576974684572726f727336383a66756e6320436f6e7665727455544638546f5554463136576974684572726f727328696e707574205b5d627974652c20647374205b5d75696e7431362920526573756c74	docs/porting/simdutf-port-v1/inputs/planned-rows-v1.tsv:30
locked-sets-v1	planned_api_contract	30	33303a436f6e7665727455544638546f55544631364c45576974684572726f727337303a66756e6320436f6e7665727455544638546f55544631364c45576974684572726f727328696e707574205b5d627974652c20647374205b5d75696e7431362920526573756c74	docs/porting/simdutf-port-v1/inputs/planned-rows-v1.tsv:31
locked-sets-v1	planned_api_contract	31	33303a436f6e7665727455544638546f55544631364245576974684572726f727337303a66756e6320436f6e7665727455544638546f55544631364245576974684572726f727328696e707574205b5d627974652c20647374205b5d75696e7431362920526573756c74	docs/porting/simdutf-port-v1/inputs/planned-rows-v1.tsv:32
locked-sets-v1	planned_api_contract	32	31383a436f6e7665727455544638546f555446333235353a66756e6320436f6e7665727455544638546f555446333228696e707574205b5d627974652c20647374205b5d75696e7433322920696e74	docs/porting/simdutf-port-v1/inputs/planned-rows-v1.tsv:33
locked-sets-v1	planned_api_contract	33	32383a436f6e7665727455544638546f5554463332576974684572726f727336383a66756e6320436f6e7665727455544638546f5554463332576974684572726f727328696e707574205b5d627974652c20647374205b5d75696e7433322920526573756c74	docs/porting/simdutf-port-v1/inputs/planned-rows-v1.tsv:34
locked-sets-v1	planned_api_contract	34	32343a436f6e7665727456616c696455544638546f4c6174696e3135393a66756e6320436f6e7665727456616c696455544638546f4c6174696e3128696e707574205b5d627974652c20647374205b5d627974652920696e74	docs/porting/simdutf-port-v1/inputs/planned-rows-v1.tsv:35
locked-sets-v1	planned_api_contract	35	32333a436f6e7665727456616c696455544638546f555446313636303a66756e6320436f6e7665727456616c696455544638546f555446313628696e707574205b5d627974652c20647374205b5d75696e7431362920696e74	docs/porting/simdutf-port-v1/inputs/planned-rows-v1.tsv:36
locked-sets-v1	planned_api_contract	36	32353a436f6e7665727456616c696455544638546f55544631364c4536323a66756e6320436f6e7665727456616c696455544638546f55544631364c4528696e707574205b5d627974652c20647374205b5d75696e7431362920696e74	docs/porting/simdutf-port-v1/inputs/planned-rows-v1.tsv:37
locked-sets-v1	planned_api_contract	37	32353a436f6e7665727456616c696455544638546f5554463136424536323a66756e6320436f6e7665727456616c696455544638546f5554463136424528696e707574205b5d627974652c20647374205b5d75696e7431362920696e74	docs/porting/simdutf-port-v1/inputs/planned-rows-v1.tsv:38
locked-sets-v1	planned_api_contract	38	32333a436f6e7665727456616c696455544638546f555446333236303a66756e6320436f6e7665727456616c696455544638546f555446333228696e707574205b5d627974652c20647374205b5d75696e7433322920696e74	docs/porting/simdutf-port-v1/inputs/planned-rows-v1.tsv:39
locked-sets-v1	planned_api_contract	39	32303a555446384c656e67746846726f6d4c6174696e3134333a66756e6320555446384c656e67746846726f6d4c6174696e3128696e707574205b5d627974652920696e74	docs/porting/simdutf-port-v1/inputs/planned-rows-v1.tsv:40
locked-sets-v1	planned_api_contract	40	31383a436f6e766572745554463136546f5554463835353a66756e6320436f6e766572745554463136546f5554463828696e707574205b5d75696e7431362c20647374205b5d627974652920696e74	docs/porting/simdutf-port-v1/inputs/planned-rows-v1.tsv:41
locked-sets-v1	planned_api_contract	41	32323a436f6e766572745554463136546f555446385361666535393a66756e6320436f6e766572745554463136546f555446385361666528696e707574205b5d75696e7431362c20647374205b5d627974652920696e74	docs/porting/simdutf-port-v1/inputs/planned-rows-v1.tsv:42
locked-sets-v1	planned_api_contract	42	32303a436f6e766572745554463136546f4c6174696e3135373a66756e6320436f6e766572745554463136546f4c6174696e3128696e707574205b5d75696e7431362c20647374205b5d627974652920696e74	docs/porting/simdutf-port-v1/inputs/planned-rows-v1.tsv:43
locked-sets-v1	planned_api_contract	43	32323a436f6e7665727455544631364c45546f4c6174696e3135393a66756e6320436f6e7665727455544631364c45546f4c6174696e3128696e707574205b5d75696e7431362c20647374205b5d627974652920696e74	docs/porting/simdutf-port-v1/inputs/planned-rows-v1.tsv:44
locked-sets-v1	planned_api_contract	44	32323a436f6e7665727455544631364245546f4c6174696e3135393a66756e6320436f6e7665727455544631364245546f4c6174696e3128696e707574205b5d75696e7431362c20647374205b5d627974652920696e74	docs/porting/simdutf-port-v1/inputs/planned-rows-v1.tsv:45
locked-sets-v1	planned_api_contract	45	32303a436f6e7665727455544631364c45546f5554463835373a66756e6320436f6e7665727455544631364c45546f5554463828696e707574205b5d75696e7431362c20647374205b5d627974652920696e74	docs/porting/simdutf-port-v1/inputs/planned-rows-v1.tsv:46
locked-sets-v1	planned_api_contract	46	32303a436f6e7665727455544631364245546f5554463835373a66756e6320436f6e7665727455544631364245546f5554463828696e707574205b5d75696e7431362c20647374205b5d627974652920696e74	docs/porting/simdutf-port-v1/inputs/planned-rows-v1.tsv:47
locked-sets-v1	planned_api_contract	47	33303a436f6e766572745554463136546f4c6174696e31576974684572726f727337303a66756e6320436f6e766572745554463136546f4c6174696e31576974684572726f727328696e707574205b5d75696e7431362c20647374205b5d627974652920526573756c74	docs/porting/simdutf-port-v1/inputs/planned-rows-v1.tsv:48
locked-sets-v1	planned_api_contract	48	33323a436f6e7665727455544631364c45546f4c6174696e31576974684572726f727337323a66756e6320436f6e7665727455544631364c45546f4c6174696e31576974684572726f727328696e707574205b5d75696e7431362c20647374205b5d627974652920526573756c74	docs/porting/simdutf-port-v1/inputs/planned-rows-v1.tsv:49
locked-sets-v1	planned_api_contract	49	33323a436f6e7665727455544631364245546f4c6174696e31576974684572726f727337323a66756e6320436f6e7665727455544631364245546f4c6174696e31576974684572726f727328696e707574205b5d75696e7431362c20647374205b5d627974652920526573756c74	docs/porting/simdutf-port-v1/inputs/planned-rows-v1.tsv:50
locked-sets-v1	planned_api_contract	50	32383a436f6e766572745554463136546f55544638576974684572726f727336383a66756e6320436f6e766572745554463136546f55544638576974684572726f727328696e707574205b5d75696e7431362c20647374205b5d627974652920526573756c74	docs/porting/simdutf-port-v1/inputs/planned-rows-v1.tsv:51
locked-sets-v1	planned_api_contract	51	33303a436f6e7665727455544631364c45546f55544638576974684572726f727337303a66756e6320436f6e7665727455544631364c45546f55544638576974684572726f727328696e707574205b5d75696e7431362c20647374205b5d627974652920526573756c74	docs/porting/simdutf-port-v1/inputs/planned-rows-v1.tsv:52
locked-sets-v1	planned_api_contract	52	33303a436f6e7665727455544631364245546f55544638576974684572726f727337303a66756e6320436f6e7665727455544631364245546f55544638576974684572726f727328696e707574205b5d75696e7431362c20647374205b5d627974652920526573756c74	docs/porting/simdutf-port-v1/inputs/planned-rows-v1.tsv:53
locked-sets-v1	planned_api_contract	53	33353a436f6e7665727455544631364c45546f55544638576974685265706c6163656d656e7437323a66756e6320436f6e7665727455544631364c45546f55544638576974685265706c6163656d656e7428696e707574205b5d75696e7431362c20647374205b5d627974652920696e74	docs/porting/simdutf-port-v1/inputs/planned-rows-v1.tsv:54
locked-sets-v1	planned_api_contract	54	33353a436f6e7665727455544631364245546f55544638576974685265706c6163656d656e7437323a66756e6320436f6e7665727455544631364245546f55544638576974685265706c6163656d656e7428696e707574205b5d75696e7431362c20647374205b5d627974652920696e74	docs/porting/simdutf-port-v1/inputs/planned-rows-v1.tsv:55
locked-sets-v1	planned_api_contract	55	33333a436f6e766572745554463136546f55544638576974685265706c6163656d656e7437303a66756e6320436f6e766572745554463136546f55544638576974685265706c6163656d656e7428696e707574205b5d75696e7431362c20647374205b5d627974652920696e74	docs/porting/simdutf-port-v1/inputs/planned-rows-v1.tsv:56
locked-sets-v1	planned_api_contract	56	32333a436f6e7665727456616c69645554463136546f5554463836303a66756e6320436f6e7665727456616c69645554463136546f5554463828696e707574205b5d75696e7431362c20647374205b5d627974652920696e74	docs/porting/simdutf-port-v1/inputs/planned-rows-v1.tsv:57
locked-sets-v1	planned_api_contract	57	32353a436f6e7665727456616c69645554463136546f4c6174696e3136323a66756e6320436f6e7665727456616c69645554463136546f4c6174696e3128696e707574205b5d75696e7431362c20647374205b5d627974652920696e74	docs/porting/simdutf-port-v1/inputs/planned-rows-v1.tsv:58
locked-sets-v1	planned_api_contract	58	32373a436f6e7665727456616c696455544631364c45546f4c6174696e3136343a66756e6320436f6e7665727456616c696455544631364c45546f4c6174696e3128696e707574205b5d75696e7431362c20647374205b5d627974652920696e74	docs/porting/simdutf-port-v1/inputs/planned-rows-v1.tsv:59
locked-sets-v1	planned_api_contract	59	32373a436f6e7665727456616c696455544631364245546f4c6174696e3136343a66756e6320436f6e7665727456616c696455544631364245546f4c6174696e3128696e707574205b5d75696e7431362c20647374205b5d627974652920696e74	docs/porting/simdutf-port-v1/inputs/planned-rows-v1.tsv:60
locked-sets-v1	planned_api_contract	60	32353a436f6e7665727456616c696455544631364c45546f5554463836323a66756e6320436f6e7665727456616c696455544631364c45546f5554463828696e707574205b5d75696e7431362c20647374205b5d627974652920696e74	docs/porting/simdutf-port-v1/inputs/planned-rows-v1.tsv:61
locked-sets-v1	planned_api_contract	61	32353a436f6e7665727456616c696455544631364245546f5554463836323a66756e6320436f6e7665727456616c696455544631364245546f5554463828696e707574205b5d75696e7431362c20647374205b5d627974652920696e74	docs/porting/simdutf-port-v1/inputs/planned-rows-v1.tsv:62
locked-sets-v1	planned_api_contract	62	31393a436f6e766572745554463136546f555446333235383a66756e6320436f6e766572745554463136546f555446333228696e707574205b5d75696e7431362c20647374205b5d75696e7433322920696e74	docs/porting/simdutf-port-v1/inputs/planned-rows-v1.tsv:63
locked-sets-v1	planned_api_contract	63	32313a436f6e7665727455544631364c45546f555446333236303a66756e6320436f6e7665727455544631364c45546f555446333228696e707574205b5d75696e7431362c20647374205b5d75696e7433322920696e74	docs/porting/simdutf-port-v1/inputs/planned-rows-v1.tsv:64
locked-sets-v1	planned_api_contract	64	32313a436f6e7665727455544631364245546f555446333236303a66756e6320436f6e7665727455544631364245546f555446333228696e707574205b5d75696e7431362c20647374205b5d75696e7433322920696e74	docs/porting/simdutf-port-v1/inputs/planned-rows-v1.tsv:65
locked-sets-v1	planned_api_contract	65	32393a436f6e766572745554463136546f5554463332576974684572726f727337313a66756e6320436f6e766572745554463136546f5554463332576974684572726f727328696e707574205b5d75696e7431362c20647374205b5d75696e7433322920526573756c74	docs/porting/simdutf-port-v1/inputs/planned-rows-v1.tsv:66
locked-sets-v1	planned_api_contract	66	33313a436f6e7665727455544631364c45546f5554463332576974684572726f727337333a66756e6320436f6e7665727455544631364c45546f5554463332576974684572726f727328696e707574205b5d75696e7431362c20647374205b5d75696e7433322920526573756c74	docs/porting/simdutf-port-v1/inputs/planned-rows-v1.tsv:67
locked-sets-v1	planned_api_contract	67	33313a436f6e7665727455544631364245546f5554463332576974684572726f727337333a66756e6320436f6e7665727455544631364245546f5554463332576974684572726f727328696e707574205b5d75696e7431362c20647374205b5d75696e7433322920526573756c74	docs/porting/simdutf-port-v1/inputs/planned-rows-v1.tsv:68
locked-sets-v1	planned_api_contract	68	32343a436f6e7665727456616c69645554463136546f555446333236333a66756e6320436f6e7665727456616c69645554463136546f555446333228696e707574205b5d75696e7431362c20647374205b5d75696e7433322920696e74	docs/porting/simdutf-port-v1/inputs/planned-rows-v1.tsv:69
locked-sets-v1	planned_api_contract	69	32363a436f6e7665727456616c696455544631364c45546f555446333236353a66756e6320436f6e7665727456616c696455544631364c45546f555446333228696e707574205b5d75696e7431362c20647374205b5d75696e7433322920696e74	docs/porting/simdutf-port-v1/inputs/planned-rows-v1.tsv:70
locked-sets-v1	planned_api_contract	70	32363a436f6e7665727456616c696455544631364245546f555446333236353a66756e6320436f6e7665727456616c696455544631364245546f555446333228696e707574205b5d75696e7431362c20647374205b5d75696e7433322920696e74	docs/porting/simdutf-port-v1/inputs/planned-rows-v1.tsv:71
locked-sets-v1	planned_api_contract	71	31393a555446384c656e67746846726f6d555446313634343a66756e6320555446384c656e67746846726f6d555446313628696e707574205b5d75696e7431362920696e74	docs/porting/simdutf-port-v1/inputs/planned-rows-v1.tsv:72
locked-sets-v1	planned_api_contract	72	33343a555446384c656e67746846726f6d5554463136576974685265706c6163656d656e7436323a66756e6320555446384c656e67746846726f6d5554463136576974685265706c6163656d656e7428696e707574205b5d75696e7431362920526573756c74	docs/porting/simdutf-port-v1/inputs/planned-rows-v1.tsv:73
locked-sets-v1	planned_api_contract	73	32313a555446384c656e67746846726f6d55544631364c4534363a66756e6320555446384c656e67746846726f6d55544631364c4528696e707574205b5d75696e7431362920696e74	docs/porting/simdutf-port-v1/inputs/planned-rows-v1.tsv:74
locked-sets-v1	planned_api_contract	74	32313a555446384c656e67746846726f6d5554463136424534363a66756e6320555446384c656e67746846726f6d5554463136424528696e707574205b5d75696e7431362920696e74	docs/porting/simdutf-port-v1/inputs/planned-rows-v1.tsv:75
locked-sets-v1	planned_api_contract	75	31383a436f6e766572745554463332546f5554463835353a66756e6320436f6e766572745554463332546f5554463828696e707574205b5d75696e7433322c20647374205b5d627974652920696e74	docs/porting/simdutf-port-v1/inputs/planned-rows-v1.tsv:76
locked-sets-v1	planned_api_contract	76	32383a436f6e766572745554463332546f55544638576974684572726f727336383a66756e6320436f6e766572745554463332546f55544638576974684572726f727328696e707574205b5d75696e7433322c20647374205b5d627974652920526573756c74	docs/porting/simdutf-port-v1/inputs/planned-rows-v1.tsv:77
locked-sets-v1	planned_api_contract	77	32333a436f6e7665727456616c69645554463332546f5554463836303a66756e6320436f6e7665727456616c69645554463332546f5554463828696e707574205b5d75696e7433322c20647374205b5d627974652920696e74	docs/porting/simdutf-port-v1/inputs/planned-rows-v1.tsv:78
locked-sets-v1	planned_api_contract	78	31393a436f6e766572745554463332546f555446313635383a66756e6320436f6e766572745554463332546f555446313628696e707574205b5d75696e7433322c20647374205b5d75696e7431362920696e74	docs/porting/simdutf-port-v1/inputs/planned-rows-v1.tsv:79
locked-sets-v1	planned_api_contract	79	32313a436f6e766572745554463332546f55544631364c4536303a66756e6320436f6e766572745554463332546f55544631364c4528696e707574205b5d75696e7433322c20647374205b5d75696e7431362920696e74	docs/porting/simdutf-port-v1/inputs/planned-rows-v1.tsv:80
locked-sets-v1	planned_api_contract	80	32303a436f6e766572745554463332546f4c6174696e3135373a66756e6320436f6e766572745554463332546f4c6174696e3128696e707574205b5d75696e7433322c20647374205b5d627974652920696e74	docs/porting/simdutf-port-v1/inputs/planned-rows-v1.tsv:81
locked-sets-v1	planned_api_contract	81	33303a436f6e766572745554463332546f4c6174696e31576974684572726f727337303a66756e6320436f6e766572745554463332546f4c6174696e31576974684572726f727328696e707574205b5d75696e7433322c20647374205b5d627974652920526573756c74	docs/porting/simdutf-port-v1/inputs/planned-rows-v1.tsv:82
locked-sets-v1	planned_api_contract	82	32353a436f6e7665727456616c69645554463332546f4c6174696e3136323a66756e6320436f6e7665727456616c69645554463332546f4c6174696e3128696e707574205b5d75696e7433322c20647374205b5d627974652920696e74	docs/porting/simdutf-port-v1/inputs/planned-rows-v1.tsv:83
locked-sets-v1	planned_api_contract	83	32313a4c6174696e314c656e67746846726f6d555446333234323a66756e63204c6174696e314c656e67746846726f6d5554463332286c656e67746820696e742920696e74	docs/porting/simdutf-port-v1/inputs/planned-rows-v1.tsv:84
locked-sets-v1	planned_api_contract	84	32313a55544633324c656e67746846726f6d4c6174696e3134323a66756e632055544633324c656e67746846726f6d4c6174696e31286c656e67746820696e742920696e74	docs/porting/simdutf-port-v1/inputs/planned-rows-v1.tsv:85
locked-sets-v1	planned_api_contract	85	32313a436f6e766572745554463332546f5554463136424536303a66756e6320436f6e766572745554463332546f5554463136424528696e707574205b5d75696e7433322c20647374205b5d75696e7431362920696e74	docs/porting/simdutf-port-v1/inputs/planned-rows-v1.tsv:86
locked-sets-v1	planned_api_contract	86	32393a436f6e766572745554463332546f5554463136576974684572726f727337313a66756e6320436f6e766572745554463332546f5554463136576974684572726f727328696e707574205b5d75696e7433322c20647374205b5d75696e7431362920526573756c74	docs/porting/simdutf-port-v1/inputs/planned-rows-v1.tsv:87
locked-sets-v1	planned_api_contract	87	33313a436f6e766572745554463332546f55544631364c45576974684572726f727337333a66756e6320436f6e766572745554463332546f55544631364c45576974684572726f727328696e707574205b5d75696e7433322c20647374205b5d75696e7431362920526573756c74	docs/porting/simdutf-port-v1/inputs/planned-rows-v1.tsv:88
locked-sets-v1	planned_api_contract	88	33313a436f6e766572745554463332546f55544631364245576974684572726f727337333a66756e6320436f6e766572745554463332546f55544631364245576974684572726f727328696e707574205b5d75696e7433322c20647374205b5d75696e7431362920526573756c74	docs/porting/simdutf-port-v1/inputs/planned-rows-v1.tsv:89
locked-sets-v1	planned_api_contract	89	32343a436f6e7665727456616c69645554463332546f555446313636333a66756e6320436f6e7665727456616c69645554463332546f555446313628696e707574205b5d75696e7433322c20647374205b5d75696e7431362920696e74	docs/porting/simdutf-port-v1/inputs/planned-rows-v1.tsv:90
locked-sets-v1	planned_api_contract	90	32363a436f6e7665727456616c69645554463332546f55544631364c4536353a66756e6320436f6e7665727456616c69645554463332546f55544631364c4528696e707574205b5d75696e7433322c20647374205b5d75696e7431362920696e74	docs/porting/simdutf-port-v1/inputs/planned-rows-v1.tsv:91
locked-sets-v1	planned_api_contract	91	32363a436f6e7665727456616c69645554463332546f5554463136424536353a66756e6320436f6e7665727456616c69645554463332546f5554463136424528696e707574205b5d75696e7433322c20647374205b5d75696e7431362920696e74	docs/porting/simdutf-port-v1/inputs/planned-rows-v1.tsv:92
locked-sets-v1	planned_api_contract	92	32313a4368616e6765456e6469616e6e657373555446313634373a66756e63204368616e6765456e6469616e6e657373555446313628696e7075742c20647374205b5d75696e74313629	docs/porting/simdutf-port-v1/inputs/planned-rows-v1.tsv:93
locked-sets-v1	planned_api_contract	93	31393a555446384c656e67746846726f6d555446333234343a66756e6320555446384c656e67746846726f6d555446333228696e707574205b5d75696e7433322920696e74	docs/porting/simdutf-port-v1/inputs/planned-rows-v1.tsv:94
locked-sets-v1	planned_api_contract	94	32303a55544631364c656e67746846726f6d555446333234353a66756e632055544631364c656e67746846726f6d555446333228696e707574205b5d75696e7433322920696e74	docs/porting/simdutf-port-v1/inputs/planned-rows-v1.tsv:95
locked-sets-v1	planned_api_contract	95	32303a55544633324c656e67746846726f6d555446313634353a66756e632055544633324c656e67746846726f6d555446313628696e707574205b5d75696e7431362920696e74	docs/porting/simdutf-port-v1/inputs/planned-rows-v1.tsv:96
locked-sets-v1	planned_api_contract	96	32323a55544633324c656e67746846726f6d55544631364c4534373a66756e632055544633324c656e67746846726f6d55544631364c4528696e707574205b5d75696e7431362920696e74	docs/porting/simdutf-port-v1/inputs/planned-rows-v1.tsv:97
locked-sets-v1	planned_api_contract	97	32323a55544633324c656e67746846726f6d5554463136424534373a66756e632055544633324c656e67746846726f6d5554463136424528696e707574205b5d75696e7431362920696e74	docs/porting/simdutf-port-v1/inputs/planned-rows-v1.tsv:98
locked-sets-v1	planned_api_contract	98	31303a436f756e74555446313633353a66756e6320436f756e74555446313628696e707574205b5d75696e7431362920696e74	docs/porting/simdutf-port-v1/inputs/planned-rows-v1.tsv:99
locked-sets-v1	planned_api_contract	99	31323a436f756e7455544631364c4533373a66756e6320436f756e7455544631364c4528696e707574205b5d75696e7431362920696e74	docs/porting/simdutf-port-v1/inputs/planned-rows-v1.tsv:100
locked-sets-v1	planned_api_contract	100	31323a436f756e745554463136424533373a66756e6320436f756e745554463136424528696e707574205b5d75696e7431362920696e74	docs/porting/simdutf-port-v1/inputs/planned-rows-v1.tsv:101
locked-sets-v1	planned_api_contract	101	31383a5472696d5061727469616c5554463136424534333a66756e63205472696d5061727469616c5554463136424528696e707574205b5d75696e7431362920696e74	docs/porting/simdutf-port-v1/inputs/planned-rows-v1.tsv:102
locked-sets-v1	planned_api_contract	102	31383a5472696d5061727469616c55544631364c4534333a66756e63205472696d5061727469616c55544631364c4528696e707574205b5d75696e7431362920696e74	docs/porting/simdutf-port-v1/inputs/planned-rows-v1.tsv:103
locked-sets-v1	planned_api_contract	103	31363a5472696d5061727469616c555446313634313a66756e63205472696d5061727469616c555446313628696e707574205b5d75696e7431362920696e74	docs/porting/simdutf-port-v1/inputs/planned-rows-v1.tsv:104
locked-sets-v1	planned_api_contract	104	343a46696e6433393a66756e632046696e6428696e707574205b5d627974652c2076616c756520627974652920696e74	docs/porting/simdutf-port-v1/inputs/planned-rows-v1.tsv:105
locked-sets-v1	planned_api_contract	105	393a46696e64555446313634383a66756e632046696e64555446313628696e707574205b5d75696e7431362c2076616c75652075696e7431362920696e74	docs/porting/simdutf-port-v1/inputs/planned-rows-v1.tsv:106
locked-sets-v1	planned_api_contract	106	32393a4d6178696d616c42696e6172794c656e67746846726f6d42617365363435323a66756e63204d6178696d616c42696e6172794c656e67746846726f6d42617365363428696e707574205b5d627974652920696e74	docs/porting/simdutf-port-v1/inputs/planned-rows-v1.tsv:107
locked-sets-v1	planned_api_contract	107	33343a4d6178696d616c42696e6172794c656e67746846726f6d426173653634555446313635393a66756e63204d6178696d616c42696e6172794c656e67746846726f6d426173653634555446313628696e707574205b5d75696e7431362920696e74	docs/porting/simdutf-port-v1/inputs/planned-rows-v1.tsv:108
locked-sets-v1	planned_api_contract	108	32323a42696e6172794c656e67746846726f6d42617365363434353a66756e632042696e6172794c656e67746846726f6d42617365363428696e707574205b5d627974652920696e74	docs/porting/simdutf-port-v1/inputs/planned-rows-v1.tsv:109
locked-sets-v1	planned_api_contract	109	32373a42696e6172794c656e67746846726f6d426173653634555446313635323a66756e632042696e6172794c656e67746846726f6d426173653634555446313628696e707574205b5d75696e7431362920696e74	docs/porting/simdutf-port-v1/inputs/planned-rows-v1.tsv:110
locked-sets-v1	planned_api_contract	110	31343a426173653634546f42696e6172793131313a66756e6320426173653634546f42696e61727928696e707574205b5d627974652c20647374205b5d627974652c206f7074696f6e73204261736536344f7074696f6e732c206c6173744368756e6b204c6173744368756e6b48616e646c696e674f7074696f6e732920526573756c74	docs/porting/simdutf-port-v1/inputs/planned-rows-v1.tsv:111
locked-sets-v1	planned_api_contract	111	31393a426173653634546f42696e61727955544631363131383a66756e6320426173653634546f42696e617279555446313628696e707574205b5d75696e7431362c20647374205b5d627974652c206f7074696f6e73204261736536344f7074696f6e732c206c6173744368756e6b204c6173744368756e6b48616e646c696e674f7074696f6e732920526573756c74	docs/porting/simdutf-port-v1/inputs/planned-rows-v1.tsv:112
locked-sets-v1	planned_api_contract	112	32323a4261736536344c656e67746846726f6d42696e61727936363a66756e63204261736536344c656e67746846726f6d42696e617279286c656e67746820696e742c206f7074696f6e73204261736536344f7074696f6e732920696e74	docs/porting/simdutf-port-v1/inputs/planned-rows-v1.tsv:113
locked-sets-v1	planned_api_contract	113	33313a4261736536344c656e67746846726f6d42696e617279576974684c696e657339313a66756e63204261736536344c656e67746846726f6d42696e617279576974684c696e6573286c656e67746820696e742c206f7074696f6e73204261736536344f7074696f6e732c206c696e654c656e67746820696e742920696e74	docs/porting/simdutf-port-v1/inputs/planned-rows-v1.tsv:114
locked-sets-v1	planned_api_contract	114	31343a42696e617279546f42617365363436353a66756e632042696e617279546f42617365363428696e7075742c20647374205b5d627974652c206f7074696f6e73204261736536344f7074696f6e732920696e74	docs/porting/simdutf-port-v1/inputs/planned-rows-v1.tsv:115
locked-sets-v1	planned_api_contract	115	32333a42696e617279546f426173653634576974684c696e657339303a66756e632042696e617279546f426173653634576974684c696e657328696e7075742c20647374205b5d627974652c206c696e654c656e67746820696e742c206f7074696f6e73204261736536344f7074696f6e732920696e74	docs/porting/simdutf-port-v1/inputs/planned-rows-v1.tsv:116
locked-sets-v1	planned_api_contract	116	32313a426173653634546f42696e61727944657461696c733132323a66756e6320426173653634546f42696e61727944657461696c7328696e707574205b5d627974652c20647374205b5d627974652c206f7074696f6e73204261736536344f7074696f6e732c206c6173744368756e6b204c6173744368756e6b48616e646c696e674f7074696f6e73292046756c6c526573756c74	docs/porting/simdutf-port-v1/inputs/planned-rows-v1.tsv:117
locked-sets-v1	planned_api_contract	117	32363a426173653634546f42696e61727944657461696c7355544631363132393a66756e6320426173653634546f42696e61727944657461696c73555446313628696e707574205b5d75696e7431362c20647374205b5d627974652c206f7074696f6e73204261736536344f7074696f6e732c206c6173744368756e6b204c6173744368756e6b48616e646c696e674f7074696f6e73292046756c6c526573756c74	docs/porting/simdutf-port-v1/inputs/planned-rows-v1.tsv:118
locked-sets-v1	planned_api_contract	118	31353a42617365363449676e6f7261626c6536303a66756e632042617365363449676e6f7261626c652876616c756520627974652c206f7074696f6e73204261736536344f7074696f6e732920626f6f6c	docs/porting/simdutf-port-v1/inputs/planned-rows-v1.tsv:119
locked-sets-v1	planned_api_contract	119	32303a42617365363449676e6f7261626c65555446313636373a66756e632042617365363449676e6f7261626c6555544631362876616c75652075696e7431362c206f7074696f6e73204261736536344f7074696f6e732920626f6f6c	docs/porting/simdutf-port-v1/inputs/planned-rows-v1.tsv:120
locked-sets-v1	planned_api_contract	120	31313a42617365363456616c696435363a66756e632042617365363456616c69642876616c756520627974652c206f7074696f6e73204261736536344f7074696f6e732920626f6f6c	docs/porting/simdutf-port-v1/inputs/planned-rows-v1.tsv:121
locked-sets-v1	planned_api_contract	121	31363a42617365363456616c6964555446313636333a66756e632042617365363456616c696455544631362876616c75652075696e7431362c206f7074696f6e73204261736536344f7074696f6e732920626f6f6c	docs/porting/simdutf-port-v1/inputs/planned-rows-v1.tsv:122
locked-sets-v1	planned_api_contract	122	32303a42617365363456616c69644f7250616464696e6736353a66756e632042617365363456616c69644f7250616464696e672876616c756520627974652c206f7074696f6e73204261736536344f7074696f6e732920626f6f6c	docs/porting/simdutf-port-v1/inputs/planned-rows-v1.tsv:123
locked-sets-v1	planned_api_contract	123	32353a42617365363456616c69644f7250616464696e67555446313637323a66756e632042617365363456616c69644f7250616464696e6755544631362876616c75652075696e7431362c206f7074696f6e73204261736536344f7074696f6e732920626f6f6c	docs/porting/simdutf-port-v1/inputs/planned-rows-v1.tsv:124
locked-sets-v1	planned_api_contract	124	31383a426173653634546f42696e617279536166653135343a66756e6320426173653634546f42696e6172795361666528696e707574205b5d627974652c20647374205b5d627974652c206f7074696f6e73204261736536344f7074696f6e732c206c6173744368756e6b204c6173744368756e6b48616e646c696e674f7074696f6e732c206465636f64655570546f4261644368617220626f6f6c292028526573756c742c207772697474656e20696e7429	docs/porting/simdutf-port-v1/inputs/planned-rows-v1.tsv:125
locked-sets-v1	planned_api_contract	125	32333a426173653634546f42696e6172795361666555544631363136313a66756e6320426173653634546f42696e61727953616665555446313628696e707574205b5d75696e7431362c20647374205b5d627974652c206f7074696f6e73204261736536344f7074696f6e732c206c6173744368756e6b204c6173744368756e6b48616e646c696e674f7074696f6e732c206465636f64655570546f4261644368617220626f6f6c292028526573756c742c207772697474656e20696e7429	docs/porting/simdutf-port-v1/inputs/planned-rows-v1.tsv:126
locked-sets-v1	backend	1	776573746d657265	.gjc/_session-019fa713-614a-7000-ba5b-657c25f8ec6f/plans/ralplan/019fa799-dd8f-7000-ab84-58718dac0130/stage-03-final.md:101
locked-sets-v1	backend	2	68617377656c6c	.gjc/_session-019fa713-614a-7000-ba5b-657c25f8ec6f/plans/ralplan/019fa799-dd8f-7000-ab84-58718dac0130/stage-03-final.md:101
locked-sets-v1	backend	3	6172636873696d64	.gjc/_session-019fa713-614a-7000-ba5b-657c25f8ec6f/plans/ralplan/019fa799-dd8f-7000-ab84-58718dac0130/stage-03-final.md:101
locked-sets-v1	backend	4	6e656f6e	.gjc/_session-019fa713-614a-7000-ba5b-657c25f8ec6f/plans/ralplan/019fa799-dd8f-7000-ab84-58718dac0130/stage-03-final.md:101
locked-sets-v1	official_architecture	1	616d643634	.gjc/_session-019fa713-614a-7000-ba5b-657c25f8ec6f/plans/ralplan/019fa799-dd8f-7000-ab84-58718dac0130/stage-03-final.md:154
locked-sets-v1	official_architecture	2	61726d3634	.gjc/_session-019fa713-614a-7000-ba5b-657c25f8ec6f/plans/ralplan/019fa799-dd8f-7000-ab84-58718dac0130/stage-03-final.md:154
locked-sets-v1	authoritative_host	1	64617277696e2d61726d36342d6170706c652d6d332d6d6178	.gjc/_session-019fa713-614a-7000-ba5b-657c25f8ec6f/plans/ralplan/019fa799-dd8f-7000-ab84-58718dac0130/stage-03-final.md:102;.gjc/_session-019fa713-614a-7000-ba5b-657c25f8ec6f/plans/ralplan/019fa799-dd8f-7000-ab84-58718dac0130/stage-03-final.md:461
locked-sets-v1	authoritative_host	2	6c696e75782d616d6436342d64656269616e2d31332d78656f6e2d706c6174696e756d2d3834383163	.gjc/_session-019fa713-614a-7000-ba5b-657c25f8ec6f/plans/ralplan/019fa799-dd8f-7000-ab84-58718dac0130/stage-03-final.md:344;.gjc/_session-019fa713-614a-7000-ba5b-657c25f8ec6f/plans/ralplan/019fa799-dd8f-7000-ab84-58718dac0130/stage-03-final.md:462;.gjc/_session-019fa713-614a-7000-ba5b-657c25f8ec6f/plans/ralplan/019fa799-dd8f-7000-ab84-58718dac0130/stage-03-final.md:532
locked-sets-v1	evidence_lane	1	64617277696e2d61726d36342d6e6f73696d64	.gjc/_session-019fa713-614a-7000-ba5b-657c25f8ec6f/plans/ralplan/019fa799-dd8f-7000-ab84-58718dac0130/stage-03-final.md:417
locked-sets-v1	evidence_lane	2	64617277696e2d61726d36342d73696d642d6e65676174697665	.gjc/_session-019fa713-614a-7000-ba5b-657c25f8ec6f/plans/ralplan/019fa799-dd8f-7000-ab84-58718dac0130/stage-03-final.md:417
locked-sets-v1	evidence_lane	3	6c696e75782d616d6436342d6e6f6e65	.gjc/_session-019fa713-614a-7000-ba5b-657c25f8ec6f/plans/ralplan/019fa799-dd8f-7000-ab84-58718dac0130/stage-03-final.md:417
locked-sets-v1	evidence_lane	4	6c696e75782d616d6436342d73696d64	.gjc/_session-019fa713-614a-7000-ba5b-657c25f8ec6f/plans/ralplan/019fa799-dd8f-7000-ab84-58718dac0130/stage-03-final.md:417
locked-sets-v1	evidence_lane	5	6c696e75782d726973637636342d636f6d70696c65	.gjc/_session-019fa713-614a-7000-ba5b-657c25f8ec6f/plans/ralplan/019fa799-dd8f-7000-ab84-58718dac0130/stage-03-final.md:417
locked-sets-v1	evidence_lane	6	6c696e75782d73333930782d636f6d70696c65	.gjc/_session-019fa713-614a-7000-ba5b-657c25f8ec6f/plans/ralplan/019fa799-dd8f-7000-ab84-58718dac0130/stage-03-final.md:417
locked-sets-v1	compile_only_target	1	72697363763634	.gjc/_session-019fa713-614a-7000-ba5b-657c25f8ec6f/plans/ralplan/019fa799-dd8f-7000-ab84-58718dac0130/stage-03-final.md:463
locked-sets-v1	compile_only_target	2	7333393078	.gjc/_session-019fa713-614a-7000-ba5b-657c25f8ec6f/plans/ralplan/019fa799-dd8f-7000-ab84-58718dac0130/stage-03-final.md:463
locked-sets-v1	excluded_acceleration	1	617678353132	.gjc/_session-019fa713-614a-7000-ba5b-657c25f8ec6f/plans/ralplan/019fa799-dd8f-7000-ab84-58718dac0130/stage-03-final.md:153
locked-sets-v1	excluded_acceleration	2	72697363762d766563746f72	.gjc/_session-019fa713-614a-7000-ba5b-657c25f8ec6f/plans/ralplan/019fa799-dd8f-7000-ab84-58718dac0130/stage-03-final.md:153
locked-sets-v1	excluded_acceleration	3	6c6f6f6e67617263683634	.gjc/_session-019fa713-614a-7000-ba5b-657c25f8ec6f/plans/ralplan/019fa799-dd8f-7000-ab84-58718dac0130/stage-03-final.md:153
locked-sets-v1	excluded_acceleration	4	706f776572	.gjc/_session-019fa713-614a-7000-ba5b-657c25f8ec6f/plans/ralplan/019fa799-dd8f-7000-ab84-58718dac0130/stage-03-final.md:153
