mapping_version	backend	canonical_kernel_name	shared_kernel_id	family_contract_display_id	semantic_operation_id	kernel_owner_cell_key	member_count
v1	archsimd	validateUTF16BEWithErrors	shared-kernel-v1-0216dff30b4134c57d66eeb6997e1a3c0bf2f90e863e207fc9a25d8c948fbab7	FC-v1-helper-validation	op-v1-746f2ddb034fd6031f7480dc27f8384c48b313010cdf7ce853d620b940e70a90	cell-v1-54515b294694f14f364f062e6625cc65616f4647552f63767dd446f7ca9f1b6c	1
v1	archsimd	convertValidUTF8ToLatin1	shared-kernel-v1-067ca4912f71e40f567a220b2965ac24c3d63aadcce1662a93044910e2d86eab	FC-v1-utf8-source	op-v1-9faf24b0d77040758b655ad10726a067ac785521ef338911bbc14377e4cd1124	cell-v1-69ab4f50be06a3cb5104d05326a54b1396fcb93ed7218f7044da3336bbc420bd	1
v1	archsimd	countUTF16BE	shared-kernel-v1-08c4b9f0d05ac7d8a95245cbfb4c4e7a7e78a491b2ee2e125663f51ed73fa6bc	FC-v1-utf16-source	op-v1-f16145af648802b565b96f95a0b48d81e4b24c8a3e638548cb6d147d331ebf1b	cell-v1-b8dab296367baef8d3d4516cae7beb4787c05fdafe48c4d9acba0a914217ecae	1
v1	archsimd	utf8LengthFromUTF16LEWithReplacement	shared-kernel-v1-08ca47c47e38d03ad2b81340f0bc059b3c7048fdce32d7eddfa39052d05d4771	FC-v1-utf16-source	op-v1-f16145af648802b565b96f95a0b48d81e4b24c8a3e638548cb6d147d331ebf1b	cell-v1-efb941e297a4197293bea3447717080856c5d8b29840884f7ba8e095c6db36d9	1
v1	archsimd	convertUTF32ToUTF8WithErrors	shared-kernel-v1-0916426e610272f8df9beb7f930a0d47bf62798dc5066945b1a67f05725e3627	FC-v1-utf32-source	op-v1-ab0bc72785d23b8753a399b8c46dce11e242254d665fb6c0e7d355fc76f47d7a	cell-v1-43f4a7b0894c4e7c55df1be722b27ece1ad817170a63c652161e6c76bb47c02c	1
v1	archsimd	binaryToBase64	shared-kernel-v1-0a1eb31600f0e27ef16a69135e44f6b4f7bd66377dac9d8c92d335a44497ebbc	FC-v1-base64	op-v1-848432663386540ad98bd7928ec1b28e69d62fd64d15c46ba10443166210a11b	cell-v1-4681ba937c379472c5ae038a10d70e22dcb3838e44e661b905332e57a374aa3f	1
v1	archsimd	toWellFormedUTF16BE	shared-kernel-v1-0a6cd272d5052a9e995a2264cab737872c8e8a9a50e2f39b91028ec5555f10a4	FC-v1-helper-validation	op-v1-9a03658c5a22f236d7c1ed6a8e4dd239f57ce39a454a43d6890cf3e1212f178a	cell-v1-c8f7629754d5b7a18b4dbd87d467b9fa4e288ec24579f50d38791265f8363de2	1
v1	archsimd	utf32LengthFromUTF16LE	shared-kernel-v1-0ba20f3619590125bd76202acdd3789ea52ada39660b60091f2b32a82a1fc170	FC-v1-utf16-source	op-v1-6eea92180fce34d88c932293380df3d76d366c3edd7e0ec5957e9ab46316c226	cell-v1-99c54e7967fd90b8c273025a180c0728e1e00de8399809f00c58a1e2c17c044c	1
v1	archsimd	binaryLengthFromBase64UTF16	shared-kernel-v1-0e11fbde674ecb4d8514f69f7371361a6c57c0e5e2cb68d309c867d8572677db	FC-v1-base64	op-v1-26b7be20b0edb4bbe19d6040c653a2816d536b2323353575cfe0c48bfbaa7fe5	cell-v1-f7923f61383b04af798fc74b7ddee7e507107ee0ecbed7bae335d45d8b6f54f9	1
v1	archsimd	validateUTF16LEWithErrors	shared-kernel-v1-120db5f70734db70c2adb55bce38c42a97fd63340df6eb1aef80851057d20b8f	FC-v1-helper-validation	op-v1-746f2ddb034fd6031f7480dc27f8384c48b313010cdf7ce853d620b940e70a90	cell-v1-6c92454ac2618c935caa157521ab5cd331af3858cb5f7abc191c7b3eb73a3c47	1
v1	archsimd	utf16LengthFromUTF32	shared-kernel-v1-1391da4707e4319de46a6df4c65012cda9aae469b8cc7ea4363b3357cf23ea89	FC-v1-utf32-source	op-v1-f16145af648802b565b96f95a0b48d81e4b24c8a3e638548cb6d147d331ebf1b	cell-v1-9c3cca9eb8a54eb349df25c2428676e41cdfa9fd096abc58bce8cc231ea43525	1
v1	archsimd	changeEndiannessUTF16	shared-kernel-v1-1e921c02c6e79bd2906487327866677381260e571d44fe799bb3e61e9b9acf44	FC-v1-utf16-source	op-v1-f16145af648802b565b96f95a0b48d81e4b24c8a3e638548cb6d147d331ebf1b	cell-v1-c77a4a893145400c02e59dbd80e0ff79a4667feb8c4a7525f8f243ee1060a4df	1
v1	archsimd	validateUTF16BE	shared-kernel-v1-1ffcc9696d2eceb078911ff2a00891400087ed96584a96b668169d8707a5e95c	FC-v1-helper-validation	op-v1-746f2ddb034fd6031f7480dc27f8384c48b313010cdf7ce853d620b940e70a90	cell-v1-0f5a69862791e6414fb091668cfec8e4def68bdf4a704707a4c16145fab396ed	1
v1	archsimd	convertUTF8ToUTF16LE	shared-kernel-v1-247923e6c87b28044c7a2ae1cb6fc8b52589431ece0b7b075c238136123adddf	FC-v1-utf8-source	op-v1-40ff3813edc41e431f3dfdfd52ef8beeeb37db6a3a1a28156be20f66ed3e1dca	cell-v1-3425a1e95a46640949be8a77269a33b44c41932bb660fdca6f90312a8faa03bd	1
v1	archsimd	convertUTF8ToUTF32	shared-kernel-v1-24bade69d82589cb09663eb9ebb03f249ba20d8865c1b8ea19e1e7cec0d3304f	FC-v1-utf8-source	op-v1-e873fa9443cdd8f0da23033c51511f306b365bb447808f2c01e2a44185f4b40d	cell-v1-64a634fac3a99c947a83c7ce912d58bc8798ffcf1c1d3eb9c8c083b58d0d1b38	1
v1	archsimd	convertValidUTF8ToUTF16LE	shared-kernel-v1-2893697679f733516854289d749cac00a44a2798cdf77fa1328d5b9fc5fc015f	FC-v1-utf8-source	op-v1-40ff3813edc41e431f3dfdfd52ef8beeeb37db6a3a1a28156be20f66ed3e1dca	cell-v1-de58b1651e026a833a2d9be4429148555670f20210f9389df99770bc72694944	1
v1	archsimd	base64ToBinary	shared-kernel-v1-2eb7aa4487fc53119827498f50813b5806506006743b92bd0e56f561d64e7a85	FC-v1-base64	op-v1-26b7be20b0edb4bbe19d6040c653a2816d536b2323353575cfe0c48bfbaa7fe5	cell-v1-339f5c7b4a73caa088b984cedd0209833e7678938dd4e4943758a45c57bd825a	2
v1	archsimd	utf8LengthFromUTF16BEWithReplacement	shared-kernel-v1-30e2884aa1629b394eb8a4178b675edb7d060d878610d4b0575f605090557d71	FC-v1-utf16-source	op-v1-f16145af648802b565b96f95a0b48d81e4b24c8a3e638548cb6d147d331ebf1b	cell-v1-74f7728eac61af3b61ffd5ebac9f7b3db37216620b06458fa3ffd745bcd61c9b	1
v1	archsimd	convertLatin1ToUTF16LE	shared-kernel-v1-311075e2ec5c1e668e9b6480ab51b3d08e9431e4c5a13d0f03e7ad4bd09f6e4e	FC-v1-latin1-source	op-v1-6bdeb609715598fd665e96ece3f87d3fbe30a1f94119012db8eef0f8321a5ae8	cell-v1-d4a85aade5d017332cba718f6941d21b3034f9e03bf2a1a1a06f8d1c904cf54b	1
v1	archsimd	utf8LengthFromUTF16LE	shared-kernel-v1-32012b6e62418728c1ba117eba1415af0a0efd75f4076b04d9803e9ca8a4dc3f	FC-v1-utf16-source	op-v1-9dd40313a0fd1522ac7e341f3e47da0e7df68fd14fd7ecab7030f2497b9685d4	cell-v1-7ebf996e1960f9d58a3c066aa2786451c61769d2b333dc31a60e69873be83c35	1
v1	archsimd	countUTF16LE	shared-kernel-v1-36d7f32dd805f8702a076831ceb30ceb56f929d0659459a59459e4e8311da2f0	FC-v1-utf16-source	op-v1-f16145af648802b565b96f95a0b48d81e4b24c8a3e638548cb6d147d331ebf1b	cell-v1-efea2f38cf70ec109af11cbe2eecd032322df83685bf37c27a1a3a40f33d5ce3	1
v1	archsimd	convertUTF16BEToUTF32	shared-kernel-v1-3a2f02069d957f711abeb3a77e1e3a8a6a28a5ee71d2ba9fdb382cbd1ebbdf3e	FC-v1-utf16-source	op-v1-6eea92180fce34d88c932293380df3d76d366c3edd7e0ec5957e9ab46316c226	cell-v1-8aa6d0bf1bcc383d42309a564e679f2319f527ffe63b0922e32664b107bd2b95	2
v1	archsimd	convertUTF32ToUTF16LE	shared-kernel-v1-41a4d5ff2fc3a15e79b5bd892429dc616a4d9ebb6e0389affb25bc6021d61536	FC-v1-utf32-source	op-v1-ea2475b4ee7714eee51951faef2b0c9e3bd230f1ed9c34abab54f52ccdedd4d7	cell-v1-91a184979e78920f7959db8ba2a4c17a1efd83abfe3a0e8b29c91b76bb940d80	2
v1	archsimd	convertUTF16LEToUTF8WithReplacement	shared-kernel-v1-4293d7c5460aaf23bcf71af010c936813368dcececcd11c5d33ad6bd8124e254	FC-v1-utf16-source	op-v1-9dd40313a0fd1522ac7e341f3e47da0e7df68fd14fd7ecab7030f2497b9685d4	cell-v1-a9ce601623fd6dfb087110e69436c94526177038c3abc833a264a7787cb2b2b1	1
v1	archsimd	convertUTF32ToUTF16BEWithErrors	shared-kernel-v1-43fd28768b6537337a82ab2933553d202693cf41d6eb919afc59a75a71538fe6	FC-v1-utf32-source	op-v1-ea2475b4ee7714eee51951faef2b0c9e3bd230f1ed9c34abab54f52ccdedd4d7	cell-v1-855e1e2fea5d1aa2cf69f6a68a1550f00b4436f5cd51d523dda31b65bc9c123a	1
v1	archsimd	convertValidUTF8ToUTF16BE	shared-kernel-v1-451030642f29f0d8cac5559eecacb365d293ece99cf622fa08736b7a47889b44	FC-v1-utf8-source	op-v1-40ff3813edc41e431f3dfdfd52ef8beeeb37db6a3a1a28156be20f66ed3e1dca	cell-v1-d24ecd2145f0336340e632ae54517e546bc5f531b2e96e3d699f3ab6946594e7	1
v1	archsimd	convertUTF16BEToLatin1	shared-kernel-v1-462ffed3707a777492d21a85b66264ddc3e66bbea109faa40209006ca0783f5b	FC-v1-utf16-source	op-v1-23e074688c6da1c3d0e4e2753a70d2f71051002554b52104e12d3ab4ad6edb82	cell-v1-8500838ba90b4adabba6a51135ef9da02a7274bf035fa9f53308add082095747	2
v1	archsimd	validateUTF32WithErrors	shared-kernel-v1-4783411a076b2af462198a9fa81d89da114efbcc06f7eb7302c4aa3513054dfb	FC-v1-helper-validation	op-v1-fcf3c75ef3a8f35fde8f3d10682e337ae82354741896c312930200ba84199588	cell-v1-f72359bd52e0a48224cee956e837a41a35eaac95ee7b4beca65a08fba8dce9a6	1
v1	archsimd	binaryLengthFromBase64	shared-kernel-v1-4f27a4f9ac9558081cfcc8910aa236a26535cad303b6be2b14b1f86b2320ae79	FC-v1-base64	op-v1-26b7be20b0edb4bbe19d6040c653a2816d536b2323353575cfe0c48bfbaa7fe5	cell-v1-f03a7aa4e22375baf12869544f262de97774d68640f13d2efc541424ad19af7a	1
v1	archsimd	convertUTF32ToLatin1	shared-kernel-v1-54d637f37d64ff5235921eea32204e18028ea8c8d4c09c2e7cc1f902f4920c06	FC-v1-utf32-source	op-v1-1e18b5d883af6824d11bf9595275b60b5dadfa3aceb16261ccf26a7f62f04ed9	cell-v1-8fea805f4007e03c1fb5a87e468f0ecfd96c86ad6e8e05d174b52528082dbb50	2
v1	archsimd	convertUTF16LEToUTF32	shared-kernel-v1-5814e1a921fe82542a459c4216d4e8325999586c53b65144fe5da152d34a79de	FC-v1-utf16-source	op-v1-6eea92180fce34d88c932293380df3d76d366c3edd7e0ec5957e9ab46316c226	cell-v1-11f0feffe0ac827a494b00cb40213f4c986d2de0ef34a2787a159d4e53dab773	2
v1	archsimd	convertUTF16LEToUTF8	shared-kernel-v1-59028569d066aa38c6858f372b4949183c63915d83f5dd53af5a1bda54c80cf5	FC-v1-utf16-source	op-v1-9dd40313a0fd1522ac7e341f3e47da0e7df68fd14fd7ecab7030f2497b9685d4	cell-v1-c6c082c43083abff01e21002804e1e551e92f7c52611e0697e4b1430375b2042	2
v1	archsimd	convertValidUTF8ToUTF32	shared-kernel-v1-5d0c3f07c98448c5ab9da5a77be78de6cea5913fa8f5dd606745c9f5ebf09fb1	FC-v1-utf8-source	op-v1-e873fa9443cdd8f0da23033c51511f306b365bb447808f2c01e2a44185f4b40d	cell-v1-0ce5c0a357d0f04e313067e071425d3b07a848ab340ea3915791921020d36fa0	1
v1	archsimd	convertUTF16LEToUTF8WithErrors	shared-kernel-v1-61371b2e269e6da370649b68e07a4cab336510341a17c47d66bc125176316656	FC-v1-utf16-source	op-v1-9dd40313a0fd1522ac7e341f3e47da0e7df68fd14fd7ecab7030f2497b9685d4	cell-v1-f1e8c7da9d3deeb094dc1b9b480635360d544d776e5022191435dbce540afd59	1
v1	archsimd	convertUTF32ToUTF8	shared-kernel-v1-658b8efd90e96f01c9e3ffe91e527e51ea60fbd17e034ce7bd8ac55bd586058f	FC-v1-utf32-source	op-v1-ab0bc72785d23b8753a399b8c46dce11e242254d665fb6c0e7d355fc76f47d7a	cell-v1-d88650be1a0ea22403ccad4f88b404cf38bc0d99630591b012d491e00ee83a61	2
v1	archsimd	convertUTF16BEToLatin1WithErrors	shared-kernel-v1-6606f10cef5ea82b9ad127bc8a8b9ed787e90a96c4b881971cb582ba9240fbba	FC-v1-utf16-source	op-v1-23e074688c6da1c3d0e4e2753a70d2f71051002554b52104e12d3ab4ad6edb82	cell-v1-799233dfdf4f9443c9194776f3fd79aef3f5c6fdd9ece29fecc793069f6a6a87	1
v1	archsimd	findUTF16	shared-kernel-v1-6c7ae9ddaca61d6163967aa1bcf04baba6a4ffc52cd38e35a378db7bb062b9de	FC-v1-find	op-v1-f457b8d0b8064fed65b7673d88f36043087ed548c21061e445413e0c72973a5e	cell-v1-a179c70bbfeed8f7dab385600d001dc56db7c690e92f0189c2bef7678a98d52e	1
v1	archsimd	convertUTF16BEToUTF32WithErrors	shared-kernel-v1-8e2dce0842a814d5d6206dd90788f9ec55a193b6cd56a2267e7ca703d98aa20c	FC-v1-utf16-source	op-v1-6eea92180fce34d88c932293380df3d76d366c3edd7e0ec5957e9ab46316c226	cell-v1-333878be40f7b7ade6da233be1b602476865cdb2dd68a8b2a12c59dcdfba2eb6	1
v1	archsimd	toWellFormedUTF16LE	shared-kernel-v1-8fb9b2be2341c0840c4b0b3abb4c343b9c547ce2c5b69dc17e371750be96ba01	FC-v1-helper-validation	op-v1-9a03658c5a22f236d7c1ed6a8e4dd239f57ce39a454a43d6890cf3e1212f178a	cell-v1-1d9fc148f27a5005b8f7f45e911f3c7ea0edbbaddd05dd534ce1f71053c306c0	1
v1	archsimd	convertLatin1ToUTF32	shared-kernel-v1-908b303dc9be3735a4c1e43b87bf93a902f9ea79c423ee64d571290b16196771	FC-v1-latin1-source	op-v1-5176d9d059b5f5fff21b90ce06c2a15a9d27626704f9a9f002798f8f54ec21ab	cell-v1-c8d8f693d56eca6afb0312e23daa4b6de7811d24f372daf095af85e00f0eb4ed	1
v1	archsimd	convertUTF16LEToLatin1WithErrors	shared-kernel-v1-9a41eab34d7a75e76c4077f00feb291d55919d8132f9b2cdf2a43d8097350943	FC-v1-utf16-source	op-v1-23e074688c6da1c3d0e4e2753a70d2f71051002554b52104e12d3ab4ad6edb82	cell-v1-17ceb33f195e69e4af06f6ed089cbad22410dfe9d2e378548f3d4ba23716955b	1
v1	archsimd	convertLatin1ToUTF16BE	shared-kernel-v1-9c3cfb04d28c8a26d1f626f5cb07cccf71898f7c33cbbba5735c05e2e561a0fc	FC-v1-latin1-source	op-v1-6bdeb609715598fd665e96ece3f87d3fbe30a1f94119012db8eef0f8321a5ae8	cell-v1-d0dbe79743c5495beabf485b4b6ab7715a4f770872207567bfca0d95af851ac1	1
v1	archsimd	utf8LengthFromUTF16BE	shared-kernel-v1-9e2f1e149eb8962d2c6cf1fe23a930024e9fa0d2a6a64b93a0096e222faa89cc	FC-v1-utf16-source	op-v1-9dd40313a0fd1522ac7e341f3e47da0e7df68fd14fd7ecab7030f2497b9685d4	cell-v1-48ce9162cad4ae784cf6dc6a87308536fe4b1f751da65a19c011a1031b42250f	1
v1	archsimd	utf8LengthFromLatin1	shared-kernel-v1-9ed4350d8f88122f66b43377df2ff7ba09a3d40af2abb2c5b3194b1045b33ac3	FC-v1-latin1-source	op-v1-f16145af648802b565b96f95a0b48d81e4b24c8a3e638548cb6d147d331ebf1b	cell-v1-25abf158fb26f54db5a883ca660bb96e2685ea87d566c7a55adf3b3355038413	1
v1	archsimd	validateUTF32	shared-kernel-v1-a1508633314045c88462eb1a86e53796f710b81bc734ce1a2275256068f2fc1f	FC-v1-helper-validation	op-v1-fcf3c75ef3a8f35fde8f3d10682e337ae82354741896c312930200ba84199588	cell-v1-bc77cb188994e6966e93e82fc900002dd83efc479a41656fbbf0ec971e5bcaa7	1
v1	archsimd	find	shared-kernel-v1-a41ce3f58811596840f72fd43957cd2a52e6719de6f557bd417fb6d0df5c2ec1	FC-v1-find	op-v1-f457b8d0b8064fed65b7673d88f36043087ed548c21061e445413e0c72973a5e	cell-v1-1144b7348188c7eee331b09b338b6b7f71f1107902b663162ee15dfc64667e8e	1
v1	archsimd	convertLatin1ToUTF8	shared-kernel-v1-a873bb14f437f364cb851fee5ab7ca7e3029284543464e544df9f0478e29db5e	FC-v1-latin1-source	op-v1-3eb929e27b14b04ee5095e916e85c77cd45d0b24c2596dc80e916182a794a411	cell-v1-d676951c3a2c7afd744d8f09f140a0ea8a5e9bcd983798d4f538b9730dab0796	1
v1	archsimd	convertUTF8ToUTF16LEWithErrors	shared-kernel-v1-ae9ac8b659df55ec78d11059cbbc6236e0d2c24f86afb2306736b15e4a1bbdc0	FC-v1-utf8-source	op-v1-40ff3813edc41e431f3dfdfd52ef8beeeb37db6a3a1a28156be20f66ed3e1dca	cell-v1-1e3b9c25e8776a083474e1938f47b58582e7f44153d5778a79cd6c3cb8be6efc	1
v1	archsimd	convertUTF32ToLatin1WithErrors	shared-kernel-v1-b171faa9c3e27efcc6683eb29ae62c82617994b8642984293f81bbc9c485fd16	FC-v1-utf32-source	op-v1-1e18b5d883af6824d11bf9595275b60b5dadfa3aceb16261ccf26a7f62f04ed9	cell-v1-e530cf10d45f4c59618da8dfaab19c3de9943b1288ef78f7ae3286b174cea42e	1
v1	archsimd	convertUTF8ToUTF16BEWithErrors	shared-kernel-v1-b4312a3a1a056089c7a9561004f673cbd97ef76e154b63098dd6aa1ce00b693e	FC-v1-utf8-source	op-v1-40ff3813edc41e431f3dfdfd52ef8beeeb37db6a3a1a28156be20f66ed3e1dca	cell-v1-edc4f921958ca5b8c353f4d2f99209c986289dce15fc1e21c341c521bace3bdf	1
v1	archsimd	convertUTF8ToUTF32WithErrors	shared-kernel-v1-b4a4f692082abad6e73c672459de22648eda4d3d429e4b75e9f23f4f2237d59a	FC-v1-utf8-source	op-v1-e873fa9443cdd8f0da23033c51511f306b365bb447808f2c01e2a44185f4b40d	cell-v1-3777eb6996649fd2a5f2a722e35fc529f50de24795618a220b72685baa4975a5	1
v1	archsimd	convertUTF8ToLatin1	shared-kernel-v1-b5ea95ba65db797aeeb8062335c6712ba50fb1355543a08e8833398e0dc9c76f	FC-v1-utf8-source	op-v1-9faf24b0d77040758b655ad10726a067ac785521ef338911bbc14377e4cd1124	cell-v1-360b45737ee0aa0fe87d1e1de2b20a708e6ee4c8357441d4d65a01641b8a13df	1
v1	archsimd	binaryToBase64WithLines	shared-kernel-v1-b6c2f99598037f8f333ff160e3fb1fbf6ec57e54292bab6aa3b85c36196ec333	FC-v1-base64	op-v1-848432663386540ad98bd7928ec1b28e69d62fd64d15c46ba10443166210a11b	cell-v1-947b1686a49035fa2048a9474b08b07f0ee423aaeb2c5c4b8bce19bffa2949d2	1
v1	archsimd	convertUTF8ToLatin1WithErrors	shared-kernel-v1-b97c506fc8fb218d3cba26f3ca77f5b5b017b8e157ba16e8ed5892009998c0fc	FC-v1-utf8-source	op-v1-9faf24b0d77040758b655ad10726a067ac785521ef338911bbc14377e4cd1124	cell-v1-9bc99363217922bf791460984541da351545ba8fd6f6358e4992b42c302a346a	1
v1	archsimd	convertUTF32ToUTF16BE	shared-kernel-v1-bcb74ade6e6d8988e5ce49b45eef3f0d06f0a860ca54e4e46d49b5371d23c174	FC-v1-utf32-source	op-v1-ea2475b4ee7714eee51951faef2b0c9e3bd230f1ed9c34abab54f52ccdedd4d7	cell-v1-28d16597cba25ffe8d4e0c9c211ddb0eca9c56aa18fc3fe041ac13df969ec350	2
v1	archsimd	convertUTF32ToUTF16LEWithErrors	shared-kernel-v1-c05ca6edb784ecfa9ce2fa875e97dbc9dbc19b99d5a29de41ba06eee76a51563	FC-v1-utf32-source	op-v1-ea2475b4ee7714eee51951faef2b0c9e3bd230f1ed9c34abab54f52ccdedd4d7	cell-v1-9e8a549388cf87f521261f207bd65ea37e034f3782399ecf99638bb9158f2daf	1
v1	archsimd	convertUTF16LEToLatin1	shared-kernel-v1-c537e86b91925cba65875b2a4f14bf3921173b4fe683d6a96323a45c5d25f68e	FC-v1-utf16-source	op-v1-23e074688c6da1c3d0e4e2753a70d2f71051002554b52104e12d3ab4ad6edb82	cell-v1-f40166c34e0d9e9232d7b72024e5a38cb047b5c875d89824e178540a46fce2bc	2
v1	archsimd	convertUTF16LEToUTF32WithErrors	shared-kernel-v1-cef44bb9f54e92c2a0b8b00b3cb101a8bd4a7e9b07df5771776523bbeadbf372	FC-v1-utf16-source	op-v1-6eea92180fce34d88c932293380df3d76d366c3edd7e0ec5957e9ab46316c226	cell-v1-b835157193f186b7e89278b3b1fabfe0cda811f8a09e06ddb2fb7260299ec2f4	1
v1	archsimd	convertUTF16BEToUTF8	shared-kernel-v1-d2411ad923c614b4465ae262de5702f7afd9fe2d3b5dfb4ea33c646e924d6d91	FC-v1-utf16-source	op-v1-9dd40313a0fd1522ac7e341f3e47da0e7df68fd14fd7ecab7030f2497b9685d4	cell-v1-a65f3dafb2fc0f4833ce955d079df161abe424dcc867350a51eb212355283a58	2
v1	archsimd	convertUTF16BEToUTF8WithReplacement	shared-kernel-v1-d49aca521eb9ea2b91b99eeed822b7e8714098d7d2ad0ca5208c380459c14661	FC-v1-utf16-source	op-v1-9dd40313a0fd1522ac7e341f3e47da0e7df68fd14fd7ecab7030f2497b9685d4	cell-v1-406294af92245d5035457b58b357cb11703145a98c6db738b6378f08a066d883	1
v1	archsimd	convertUTF8ToUTF16BE	shared-kernel-v1-e01595244f5dc094c2c2254c3767b5dc67559b0305172f0ca416dfdeda0e7ce2	FC-v1-utf8-source	op-v1-40ff3813edc41e431f3dfdfd52ef8beeeb37db6a3a1a28156be20f66ed3e1dca	cell-v1-10d06ef7dac5abf57859ccfa27a8072e5948b77242da547dd69a97550f2ca1af	1
v1	archsimd	utf32LengthFromUTF16BE	shared-kernel-v1-e235f9aaf6e85bd069c178af8284896c4975d0d6e4c305195e98f8657171ea52	FC-v1-utf16-source	op-v1-6eea92180fce34d88c932293380df3d76d366c3edd7e0ec5957e9ab46316c226	cell-v1-24b49e60f96b3b74eaf8468c22e5e1c96299ef6f107f588c2ee33749d801cfe0	1
v1	archsimd	convertUTF16BEToUTF8WithErrors	shared-kernel-v1-e7b5d9455824014914cc6ea11247270df7156e6e61c04b3fa9f8a0494605efc4	FC-v1-utf16-source	op-v1-9dd40313a0fd1522ac7e341f3e47da0e7df68fd14fd7ecab7030f2497b9685d4	cell-v1-8d125119ea1d7fe5b8b85e6593cb813d77c66fc1dd90df58ea48034790f394d4	1
v1	archsimd	base64ToBinaryUTF16	shared-kernel-v1-e7db26d22da94be95376ed4e327e74c31961f10952f6f9ea4233564f738e4625	FC-v1-base64	op-v1-26b7be20b0edb4bbe19d6040c653a2816d536b2323353575cfe0c48bfbaa7fe5	cell-v1-7991ada1419a1b39067a4bc902026e2449db1367bb31a371998d41e751362bce	2
v1	archsimd	validateUTF16LE	shared-kernel-v1-eb8ff33c47952dee29a6781a25d79699247ad801d855b7e05f69b9198a8a6794	FC-v1-helper-validation	op-v1-746f2ddb034fd6031f7480dc27f8384c48b313010cdf7ce853d620b940e70a90	cell-v1-b603844f2b0c87ab4491d26f439b1e133e28d9eb52f63a7d3efd127b5b7b62f9	1
v1	archsimd	detectEncodings	shared-kernel-v1-f49f9b7f3ce484d150a9c1d327c238b4d76e1159949d4346abd910f94c9e7053	FC-v1-detection	op-v1-8bf5280de3f19b673c2a0021cc5bd4e7d81ea47005039910cedb58431cb8b159	cell-v1-dd2188dbf84e24449114bd7417d380fc7c1977ef7a6d8f14f169587a69673a66	1
v1	archsimd	utf8LengthFromUTF32	shared-kernel-v1-f8c23777b3cdfae1b114444d8b944082460659afb6a6a9f5c7fd97f2b919e060	FC-v1-utf32-source	op-v1-f16145af648802b565b96f95a0b48d81e4b24c8a3e638548cb6d147d331ebf1b	cell-v1-d0952d53b1da186a339dc3908cf37e5e43a4693c9a85112fcbbfa74aa4587f5a	1
v1	haswell	utf32LengthFromUTF16LE	shared-kernel-v1-002ebc09a170519543980c00ffa4752de06d32708bfc526428c5b3932713bd34	FC-v1-utf16-source	op-v1-6eea92180fce34d88c932293380df3d76d366c3edd7e0ec5957e9ab46316c226	cell-v1-2f5319af3d728e9ecd18cb3e4851e8e1f3dae98fe1e6727f6d536a2635f52abb	1
v1	haswell	utf8LengthFromUTF16BEWithReplacement	shared-kernel-v1-022e976593c72ef191c23c54c1ef47333e76079ae1c4424251be104ea18a9575	FC-v1-utf16-source	op-v1-f16145af648802b565b96f95a0b48d81e4b24c8a3e638548cb6d147d331ebf1b	cell-v1-6301c8448be79b042bc7c7c3ad417a72be154918e6fae5c2fc46fef74670e0e4	1
v1	haswell	convertValidUTF8ToUTF16LE	shared-kernel-v1-042b827b957cf5aaad3440a28af309de017101de7a25622573074b99e92ca2d8	FC-v1-utf8-source	op-v1-40ff3813edc41e431f3dfdfd52ef8beeeb37db6a3a1a28156be20f66ed3e1dca	cell-v1-8272c48e7cfe43793c84737d9946061584231ae5cf446305be2a6e0a408d98c3	1
v1	haswell	validateUTF32WithErrors	shared-kernel-v1-0acb701d6541b6981334ede5aea89d24e44114410b3ded7ced22085d21a9b437	FC-v1-helper-validation	op-v1-fcf3c75ef3a8f35fde8f3d10682e337ae82354741896c312930200ba84199588	cell-v1-7ca7423e128b71bba2cf0c4eea5a72fede7476dc073ab0aa559bb42b49e49383	1
v1	haswell	convertUTF32ToUTF16BEWithErrors	shared-kernel-v1-0b068f36594059824fbd00ba7a724fa857595c135ccb958996206843291d2af8	FC-v1-utf32-source	op-v1-ea2475b4ee7714eee51951faef2b0c9e3bd230f1ed9c34abab54f52ccdedd4d7	cell-v1-ba20446d9d0cb13daf14c459311fb4b597a820dfdc20edd98b56c46263266b3c	1
v1	haswell	utf32LengthFromUTF16BE	shared-kernel-v1-0e391aa02188bd4c0bbc847caf37c0a8de763ef6f9ef92919876a9946e7e1296	FC-v1-utf16-source	op-v1-6eea92180fce34d88c932293380df3d76d366c3edd7e0ec5957e9ab46316c226	cell-v1-8760bc97c175e3fccf5abf0ace7a17dd6c0e24e75ab50e086fcd1dc91dceb6a2	1
v1	haswell	convertLatin1ToUTF8	shared-kernel-v1-18a706bb05fe8dfa656e8198715b450c516f6fb0c6578ca030b25410f15bca76	FC-v1-latin1-source	op-v1-3eb929e27b14b04ee5095e916e85c77cd45d0b24c2596dc80e916182a794a411	cell-v1-c4cddcbb6929160a08e04a544dbdc1ea2bf544f7d2e6322d969e5e31481724a5	1
v1	haswell	convertUTF8ToUTF32WithErrors	shared-kernel-v1-1b0303ce8ebdd3d0613c388a551c7b800cb7d3d0add591b49b49a1150b12e6ea	FC-v1-utf8-source	op-v1-e873fa9443cdd8f0da23033c51511f306b365bb447808f2c01e2a44185f4b40d	cell-v1-64472e849b97cf153aaafc7d8cfed1096a10b57b75da7422b4f9b1f49ea4fecd	1
v1	haswell	binaryLengthFromBase64	shared-kernel-v1-1b76bd1243c154b9421040a817ae525cb7887c058445beddcd1cf100a377e65e	FC-v1-base64	op-v1-26b7be20b0edb4bbe19d6040c653a2816d536b2323353575cfe0c48bfbaa7fe5	cell-v1-156b1872b9577ab14c582fd6ef96a0c7baffd3b74df1fd60101cdf528af5effe	1
v1	haswell	convertUTF16BEToUTF8WithErrors	shared-kernel-v1-27c111af29907c26f4462d15c65e9826c22b0976243b282a81703d1242f48000	FC-v1-utf16-source	op-v1-9dd40313a0fd1522ac7e341f3e47da0e7df68fd14fd7ecab7030f2497b9685d4	cell-v1-0d80df021182fffbdd7a1121f34a843877eeba4827da3e5dd6699df6279d675e	1
v1	haswell	convertUTF32ToUTF8WithErrors	shared-kernel-v1-2bfb937cfbcd455db9de707082cb4d448a6455d9831f3bc3c0f70a79fa592432	FC-v1-utf32-source	op-v1-ab0bc72785d23b8753a399b8c46dce11e242254d665fb6c0e7d355fc76f47d7a	cell-v1-560336e6de656fd69f9c26e7c180a3962b6833f7373d57ec9a1a0f42674b9f93	1
v1	haswell	utf8LengthFromLatin1	shared-kernel-v1-367b1a9678927aea9062247696a5cae0fbbd0da3e590d7af96feb2505c8cdef1	FC-v1-latin1-source	op-v1-f16145af648802b565b96f95a0b48d81e4b24c8a3e638548cb6d147d331ebf1b	cell-v1-4895cbfedc5019f7855cbbb01e33f57284c832b8a802e711a454d19ddd7432f9	1
v1	haswell	convertUTF32ToUTF16LE	shared-kernel-v1-3738004ac189f0f6c3e32570e6ad97621fb81cbc3e26075008646998a3faef84	FC-v1-utf32-source	op-v1-ea2475b4ee7714eee51951faef2b0c9e3bd230f1ed9c34abab54f52ccdedd4d7	cell-v1-55ee78d0a650620d71aa1f11e290f00b39120ce6ba802bb89063be86d0a232b2	2
v1	haswell	convertUTF8ToUTF16BE	shared-kernel-v1-39c23736be77efff83a8c3004d0af232823b01981f03cd1b7870762d73977d73	FC-v1-utf8-source	op-v1-40ff3813edc41e431f3dfdfd52ef8beeeb37db6a3a1a28156be20f66ed3e1dca	cell-v1-7b6bd0fb325cb736ba4e351e203166a8b4e6405820cf31e881c7bce4ebcbb863	1
v1	haswell	convertUTF8ToLatin1	shared-kernel-v1-39c9c5cd2d016bf3ca324b78c2d6c522f89fa12bc79508dc8d036507cc455d7f	FC-v1-utf8-source	op-v1-9faf24b0d77040758b655ad10726a067ac785521ef338911bbc14377e4cd1124	cell-v1-d6bfbc8e69e8852503fda3dca9607a79aa708d0976b93d7d5b8a30747f958ef4	1
v1	haswell	binaryToBase64WithLines	shared-kernel-v1-3ad47991dc2a4b338951c2703dda2c56b58d0b280c620ca3b027f08528627f71	FC-v1-base64	op-v1-848432663386540ad98bd7928ec1b28e69d62fd64d15c46ba10443166210a11b	cell-v1-9a1c8001eb3544d4985474790e61ec0148ab8b6a25a4a27da46f1583a250b7c2	1
v1	haswell	utf8LengthFromUTF16LE	shared-kernel-v1-3af1d17fb2463e870dec3be3da33c4d150047f29fdb6e0ef3886e2e32b0e3afe	FC-v1-utf16-source	op-v1-9dd40313a0fd1522ac7e341f3e47da0e7df68fd14fd7ecab7030f2497b9685d4	cell-v1-317a31bf118cb0bca022cdf09850810697063bdcc47314f639b52805134f4a34	1
v1	haswell	find	shared-kernel-v1-3e40b1d77da36d5f8cd5393d157a81f8828feb9627f0d908ab7c98641181587c	FC-v1-find	op-v1-f457b8d0b8064fed65b7673d88f36043087ed548c21061e445413e0c72973a5e	cell-v1-0f7529106c0142f76185b0df293fa67ef260d2fa1c59e932eb51da47d1badaf3	1
v1	haswell	detectEncodings	shared-kernel-v1-4004e5dee4f9ddc9778bb36827413e275691f783322c3f79af39f083cd92b1a4	FC-v1-detection	op-v1-8bf5280de3f19b673c2a0021cc5bd4e7d81ea47005039910cedb58431cb8b159	cell-v1-167cda8f79e14c93dbeae5d915e74e5ce92d914f2d14d6f1655f28afc04b07ac	1
v1	haswell	convertUTF16LEToUTF8WithErrors	shared-kernel-v1-4399304f846bbdd05eb30df0cf802e4ff262354d8400187b8edf4581398b385b	FC-v1-utf16-source	op-v1-9dd40313a0fd1522ac7e341f3e47da0e7df68fd14fd7ecab7030f2497b9685d4	cell-v1-ab27334b08d5c12897571149904b7015d08945e868692715f0c915436ff6e7ef	1
v1	haswell	convertUTF16LEToLatin1	shared-kernel-v1-43f20751aff4691528a8c6b554d9d24c073df2f4c4cff01c115db581a67d4aed	FC-v1-utf16-source	op-v1-23e074688c6da1c3d0e4e2753a70d2f71051002554b52104e12d3ab4ad6edb82	cell-v1-56f8c07d09156934d94b957df6e45a5a31bc93855fd2826fffa77a2fef24128a	2
v1	haswell	convertUTF16LEToLatin1WithErrors	shared-kernel-v1-4657476d034aca47c3b85a345e02620de1d16973228f5524a4e05c0336359029	FC-v1-utf16-source	op-v1-23e074688c6da1c3d0e4e2753a70d2f71051002554b52104e12d3ab4ad6edb82	cell-v1-7986c5620226a3f3375ee10594edf4fe782035280e838880fadf91fcb9f6479d	1
v1	haswell	findUTF16	shared-kernel-v1-4c52e6f2af88caf803939bd612676df386d7cf2d9245548b936d9a1ea2a5fec6	FC-v1-find	op-v1-f457b8d0b8064fed65b7673d88f36043087ed548c21061e445413e0c72973a5e	cell-v1-52a8c7a91aa3cdc06253f8471e1a7f5d00ded22ac8e66974e4879bb0d0109d26	1
v1	haswell	convertUTF32ToUTF8	shared-kernel-v1-5276453b2d6abcc2992364b64177fefae83c5c38c96cc19a61b3a46df6755091	FC-v1-utf32-source	op-v1-ab0bc72785d23b8753a399b8c46dce11e242254d665fb6c0e7d355fc76f47d7a	cell-v1-25076a767de3debdb28258403726e72c131d6b949c99b6fca397cbee01105361	2
v1	haswell	convertUTF8ToUTF16LE	shared-kernel-v1-5c908cb60ec36a778e0641f4ff570909f3c710cbff91edd2680ddcc3e68ea28c	FC-v1-utf8-source	op-v1-40ff3813edc41e431f3dfdfd52ef8beeeb37db6a3a1a28156be20f66ed3e1dca	cell-v1-121aeead3bbd28c1f364112d56230d9519dcf082b24d036d071a7187b8a9a1eb	1
v1	haswell	convertUTF32ToUTF16BE	shared-kernel-v1-5c910404518d7143f0efa0d117ca8620abc94aa246c76de9806475164b1a6470	FC-v1-utf32-source	op-v1-ea2475b4ee7714eee51951faef2b0c9e3bd230f1ed9c34abab54f52ccdedd4d7	cell-v1-8003e7b5d95b64da869949363a016385cb1b4d1d10ec297b9737ef2ccfb05351	2
v1	haswell	convertValidUTF8ToUTF16BE	shared-kernel-v1-5d9a0fb349ccdb039725cf18c27bf3e65dd5906c6f0d5c751aa3dad55289de0f	FC-v1-utf8-source	op-v1-40ff3813edc41e431f3dfdfd52ef8beeeb37db6a3a1a28156be20f66ed3e1dca	cell-v1-af7e746bdbd3e8d2dadb7c3cd27e19e9ae5db144864ef921e54dab23b2317b24	1
v1	haswell	convertLatin1ToUTF32	shared-kernel-v1-5ef98def7f56fbaabe2854c2d53d21b653f12fd21de2b560fafbaa42428945b2	FC-v1-latin1-source	op-v1-5176d9d059b5f5fff21b90ce06c2a15a9d27626704f9a9f002798f8f54ec21ab	cell-v1-1a96f542f4ec4e785c80dc1fd660adaa69269ee8ab170affef5787e86f862d42	1
v1	haswell	convertUTF16LEToUTF32WithErrors	shared-kernel-v1-5f066178895d0ae379e7ec83da5725c2c1bba39f5bd73124cd94df824885835d	FC-v1-utf16-source	op-v1-6eea92180fce34d88c932293380df3d76d366c3edd7e0ec5957e9ab46316c226	cell-v1-039ce69a535dd272776471f091fd166475ac850b7f70c1f2da2a2f265d64dcff	1
v1	haswell	binaryToBase64	shared-kernel-v1-623af46488ea94a9f528c933fdec1c3c597fde55d77907452e1fca13dd368407	FC-v1-base64	op-v1-848432663386540ad98bd7928ec1b28e69d62fd64d15c46ba10443166210a11b	cell-v1-2d4281f357be7dd721e0d24ba97615bcb5cc30b3b5a4e6f6cc22dd795a5990cd	1
v1	haswell	convertUTF8ToUTF16BEWithErrors	shared-kernel-v1-6345348ffc9d971660389002e3f962003e70d664470f6b44db7f9273c931a661	FC-v1-utf8-source	op-v1-40ff3813edc41e431f3dfdfd52ef8beeeb37db6a3a1a28156be20f66ed3e1dca	cell-v1-1374866abf605f563b3d6a3d52c0a1e52b635dd5dbeb42b18d9217bf12c74e3e	1
v1	haswell	utf16LengthFromUTF32	shared-kernel-v1-65c348828c5a4f2b2c2bef79bee9445a6c6f3a9f9f9c5da015bf85111547ba36	FC-v1-utf32-source	op-v1-f16145af648802b565b96f95a0b48d81e4b24c8a3e638548cb6d147d331ebf1b	cell-v1-1418a2c3909eafecd7c63b907d2aee8371c26e6c8be8fcb8c0b312a4cff3ee02	1
v1	haswell	convertUTF32ToLatin1	shared-kernel-v1-664c66bfd22454ad72f4ebeb9ca70ac3fa4e32e0a5f73f5f0e06f63e59c21f39	FC-v1-utf32-source	op-v1-1e18b5d883af6824d11bf9595275b60b5dadfa3aceb16261ccf26a7f62f04ed9	cell-v1-830eb9fe5729985abcdbaef54d2c29cb58e5fb93ee6d6593fd31a13bb2cb800f	2
v1	haswell	countUTF16BE	shared-kernel-v1-66c66904a4af4b55b885137a0bfa4102e59bc17685a2a76e3efa89b7bb298dde	FC-v1-utf16-source	op-v1-f16145af648802b565b96f95a0b48d81e4b24c8a3e638548cb6d147d331ebf1b	cell-v1-dd21c7359163303f20cae5413b9d860b1afba64a0eef1233d00289b9250f9086	1
v1	haswell	convertUTF16LEToUTF8	shared-kernel-v1-6b28a5c809208f575df9731ae6388ee3038bb4dfd4ec2e2498ac1a857d575ab2	FC-v1-utf16-source	op-v1-9dd40313a0fd1522ac7e341f3e47da0e7df68fd14fd7ecab7030f2497b9685d4	cell-v1-2aa70d9f214ea94eab56603b116fbd2f38ffa76959b93d0b512ea24d104c3ac0	2
v1	haswell	convertUTF8ToUTF32	shared-kernel-v1-70fcbc13817d7cc771bf5e0f5485296fd28314ce9116ea27e5e7bf7febadc606	FC-v1-utf8-source	op-v1-e873fa9443cdd8f0da23033c51511f306b365bb447808f2c01e2a44185f4b40d	cell-v1-71e891de3bdc3af599cbcb94dc84d03d7f274b366280c017e08849f897b73da1	1
v1	haswell	base64ToBinaryUTF16	shared-kernel-v1-722ade7188f45182adf5eefaf7fe5ab9a6feb682861951713304a76d108e2497	FC-v1-base64	op-v1-26b7be20b0edb4bbe19d6040c653a2816d536b2323353575cfe0c48bfbaa7fe5	cell-v1-5e6a0dba608d94ff8633cfe0f55f5c223f291df0842bef9746a15ebbb4dd027b	2
v1	haswell	countUTF16LE	shared-kernel-v1-737e72127bab85a06b1c937b34f6d06cc82f81346b0678fb65b10cb4d3daff2a	FC-v1-utf16-source	op-v1-f16145af648802b565b96f95a0b48d81e4b24c8a3e638548cb6d147d331ebf1b	cell-v1-9e3cda4c011ba64816603759c406109ebd9b6bba5f17e73ea45704f6095fb7db	1
v1	haswell	validateUTF16LEWithErrors	shared-kernel-v1-741d4303f4401a960b43e591e493410ae12da24d6430e4d9683a400bfa463d47	FC-v1-helper-validation	op-v1-746f2ddb034fd6031f7480dc27f8384c48b313010cdf7ce853d620b940e70a90	cell-v1-4db9f9e1d21237194ae230ecec02af49e892b971ea966b322d129ab63566b06a	1
v1	haswell	validateUTF16LE	shared-kernel-v1-750c7e4e682b90fb521102b4e64837bb370b6b7b08a708122e7d6b656ce9a244	FC-v1-helper-validation	op-v1-746f2ddb034fd6031f7480dc27f8384c48b313010cdf7ce853d620b940e70a90	cell-v1-8a8700e58c25b9848e16d6a46ea69dba10cef59e23c7cd7b080177977929d29d	1
v1	haswell	convertUTF16LEToUTF8WithReplacement	shared-kernel-v1-75acafee2b629746eecfa30b263297017cab7b24a6bd9727e78961454b25c7ae	FC-v1-utf16-source	op-v1-9dd40313a0fd1522ac7e341f3e47da0e7df68fd14fd7ecab7030f2497b9685d4	cell-v1-ccb03660d9cbf79e6ac5d42ebf2fb9882d2f2527ae1b6eaa443bc4f979c2725e	1
v1	haswell	convertUTF8ToUTF16LEWithErrors	shared-kernel-v1-774e7e10a57dca16988240bbf74e983a53fa0440f04d19f5f393fc71e372d49d	FC-v1-utf8-source	op-v1-40ff3813edc41e431f3dfdfd52ef8beeeb37db6a3a1a28156be20f66ed3e1dca	cell-v1-3768684f13f6a8318229d37e6dc379258caebcaf7a6246361a71f17e287923d8	1
v1	haswell	toWellFormedUTF16BE	shared-kernel-v1-79691dec937c8a2ec81e0f53a6696fce423452a2189e0512d54dfd844f818c5c	FC-v1-helper-validation	op-v1-9a03658c5a22f236d7c1ed6a8e4dd239f57ce39a454a43d6890cf3e1212f178a	cell-v1-4fd7022e572a061cb379ee91100b260e8351aa71b53e3cd4120442a007cfddc0	1
v1	haswell	convertUTF32ToUTF16LEWithErrors	shared-kernel-v1-8abcbf8480e2423fede6ed293dc6d1a06d2d7067c668c022ab4f90aeebdce527	FC-v1-utf32-source	op-v1-ea2475b4ee7714eee51951faef2b0c9e3bd230f1ed9c34abab54f52ccdedd4d7	cell-v1-ae857bc00696c34aee2626bccd650be70075f10a4fcd24c4d07c9f70c913fc8f	1
v1	haswell	convertLatin1ToUTF16LE	shared-kernel-v1-91ce3675d69dfda32ff27b3f133058f58bbfc464f018ea59fa8454cf319b2130	FC-v1-latin1-source	op-v1-6bdeb609715598fd665e96ece3f87d3fbe30a1f94119012db8eef0f8321a5ae8	cell-v1-7dbb769d0336b0ea7c1b6c912ad93a2eea1964e1453761bcacccc41c5b2fe217	1
v1	haswell	convertLatin1ToUTF16BE	shared-kernel-v1-a3a9c545f0b50ca3ba51a2513de075f21e3aaab96492d3872b10a5f63bebc2dc	FC-v1-latin1-source	op-v1-6bdeb609715598fd665e96ece3f87d3fbe30a1f94119012db8eef0f8321a5ae8	cell-v1-7814dc0eb906770e1ea4ceca79586b24a3d13b743830a33a40aeb987766bb1a7	1
v1	haswell	convertUTF16BEToUTF32WithErrors	shared-kernel-v1-a64fd7a04fc650b147c83fef4142d509b92db018fc7d0343bb3eb48420c8f75a	FC-v1-utf16-source	op-v1-6eea92180fce34d88c932293380df3d76d366c3edd7e0ec5957e9ab46316c226	cell-v1-86a8f5abdc9e0df32f947fcb1b9d3f192ad47a442968f010c308e79365ca1de2	1
v1	haswell	utf8LengthFromUTF16LEWithReplacement	shared-kernel-v1-ab4b035176d6d0e05edfa5d30961ae7e6df31768ce8dea0f6ee614b89977deb5	FC-v1-utf16-source	op-v1-f16145af648802b565b96f95a0b48d81e4b24c8a3e638548cb6d147d331ebf1b	cell-v1-e25b4d24135d217ac38a7df68c6812a1e65dfc6c82e350d30e2986a31a9c409b	1
v1	haswell	toWellFormedUTF16LE	shared-kernel-v1-ac6ba11222a78d1c6b592917817da096cc305c777ecc9de141b6717ba7ba0060	FC-v1-helper-validation	op-v1-9a03658c5a22f236d7c1ed6a8e4dd239f57ce39a454a43d6890cf3e1212f178a	cell-v1-59a6436111db96e48e7555bb5c77a3468135947fcbf329c7098f5aea7d42f0e4	1
v1	haswell	utf8LengthFromUTF16BE	shared-kernel-v1-af353e5d1dc29ea983492db5b68f6f9caa4d2db8fca6878aaa9db89178c89e25	FC-v1-utf16-source	op-v1-9dd40313a0fd1522ac7e341f3e47da0e7df68fd14fd7ecab7030f2497b9685d4	cell-v1-63d13eb08fc3f0a7aeaa5a93f4154bb5c5fb287feba95d1d7f6d9e99257bff61	1
v1	haswell	convertUTF16BEToUTF8WithReplacement	shared-kernel-v1-af753449c41cf365e877473b5f4eef8afca9e6a11fba3fd53968d4ac4479b192	FC-v1-utf16-source	op-v1-9dd40313a0fd1522ac7e341f3e47da0e7df68fd14fd7ecab7030f2497b9685d4	cell-v1-75a5b8278613add7dc5a66ae434e487e705b2814b1d19e9113499a41a19faf8d	1
v1	haswell	changeEndiannessUTF16	shared-kernel-v1-b3425e42756327a64b840448307da502e7a70fa688c9ca6127b87f04dad297ca	FC-v1-utf16-source	op-v1-f16145af648802b565b96f95a0b48d81e4b24c8a3e638548cb6d147d331ebf1b	cell-v1-001dfe97e4c9296133e92bb403e8118d6ce1750f2f246d2ee69cd72aa30ff921	1
v1	haswell	convertUTF16BEToLatin1	shared-kernel-v1-bda3d158c51dd6e30d2d67019d116dd1c7f3474d82b0e68d2458ddf300b94a85	FC-v1-utf16-source	op-v1-23e074688c6da1c3d0e4e2753a70d2f71051002554b52104e12d3ab4ad6edb82	cell-v1-892904a7909bf9aa7006f1a1b467581a24f7092054bdabc840fbd9e8bce5c92a	2
v1	haswell	base64ToBinary	shared-kernel-v1-c161132a0f63265d085e8583799a3654bec3464010ad979daec3d86cfc5015e0	FC-v1-base64	op-v1-26b7be20b0edb4bbe19d6040c653a2816d536b2323353575cfe0c48bfbaa7fe5	cell-v1-034d3bfd9e852574848def90e6147e53e112508aaa176770925ffb59239fbcd1	2
v1	haswell	validateUTF16BE	shared-kernel-v1-c411ade713d82ae403cc1fca872d3e6f0c791e70f511823f4ae7269b4ee8f52a	FC-v1-helper-validation	op-v1-746f2ddb034fd6031f7480dc27f8384c48b313010cdf7ce853d620b940e70a90	cell-v1-7a2e8ce585fe2826d4099ff663457453c71d0316d79f53c2fca001832ece88c2	1
v1	haswell	convertUTF16BEToLatin1WithErrors	shared-kernel-v1-c46c06f41853c3819c78444172975c6adff1cf6887059d2cca6415e658f82a14	FC-v1-utf16-source	op-v1-23e074688c6da1c3d0e4e2753a70d2f71051002554b52104e12d3ab4ad6edb82	cell-v1-51994ac4d2659114ca86b869f8825e3d7461064caf21e289102eb37912ab047e	1
v1	haswell	convertValidUTF8ToLatin1	shared-kernel-v1-cbdabc4f72bb92d7d8876cd0a2a3a845b92b9e2083798f6f3fdb1a6d233f2828	FC-v1-utf8-source	op-v1-9faf24b0d77040758b655ad10726a067ac785521ef338911bbc14377e4cd1124	cell-v1-04cdbe5aafe56015f8b38bdec2c77ce636bc531b821bda18ec2517eb306ad3f9	1
v1	haswell	binaryLengthFromBase64UTF16	shared-kernel-v1-cbdb18083bbe7102d47a0991e0dbcaa64bc0db63d140e6b65ea411ae87e92ad2	FC-v1-base64	op-v1-26b7be20b0edb4bbe19d6040c653a2816d536b2323353575cfe0c48bfbaa7fe5	cell-v1-944f0b84588186ee1f7069c8dda1bd4f4952c4a923ad7792fd93d157523a1401	1
v1	haswell	validateUTF16BEWithErrors	shared-kernel-v1-ce5a058792bb98d0a3e5dfff9f0e6e2655a6010cc4d2f9c9c69b8712a7421c5a	FC-v1-helper-validation	op-v1-746f2ddb034fd6031f7480dc27f8384c48b313010cdf7ce853d620b940e70a90	cell-v1-b246fa5d8adff4dc09ee1a7437e3fbbbd8eaa62b10b07fa5e04cbd541b280a8f	1
v1	haswell	convertUTF16LEToUTF32	shared-kernel-v1-d05dd650405666f6eb5fe977a204968d50ee3c276ff8139101a3004ff15fe519	FC-v1-utf16-source	op-v1-6eea92180fce34d88c932293380df3d76d366c3edd7e0ec5957e9ab46316c226	cell-v1-7bdce3f8f0abeb1555ca577203e060f6eb914fbe54da8e471c3f34baff65d87e	2
v1	haswell	utf8LengthFromUTF32	shared-kernel-v1-ed508e2c51449dc68522bd236a13f2572c04e35773a4360ff4b755610f6f025a	FC-v1-utf32-source	op-v1-f16145af648802b565b96f95a0b48d81e4b24c8a3e638548cb6d147d331ebf1b	cell-v1-26c8f016a21c4b94bd2cbc6e7bd6c755392c77cc4a7731a0e0f047195b930f58	1
v1	haswell	convertValidUTF8ToUTF32	shared-kernel-v1-ee67f61d2e204816c0c15973b90dc55ea8926edc9bd16a073f60d3a1b9981674	FC-v1-utf8-source	op-v1-e873fa9443cdd8f0da23033c51511f306b365bb447808f2c01e2a44185f4b40d	cell-v1-839506ffe75d4284d0d67fc7d15cee659cc15777d0e2a825cc061fd328c298b1	1
v1	haswell	convertUTF32ToLatin1WithErrors	shared-kernel-v1-f168493b6cc0343b3ba78e470794acf312f3728c494503219e3863118911f465	FC-v1-utf32-source	op-v1-1e18b5d883af6824d11bf9595275b60b5dadfa3aceb16261ccf26a7f62f04ed9	cell-v1-c4fbf878d36be0f16fd3f71075f7e86a19304534ef9c97ba48f3fffbee644162	1
v1	haswell	convertUTF16BEToUTF32	shared-kernel-v1-f426d5877b859dd2eaed838f731f0e55e7b54e270512a8ad85a216721b046e80	FC-v1-utf16-source	op-v1-6eea92180fce34d88c932293380df3d76d366c3edd7e0ec5957e9ab46316c226	cell-v1-51ee900cf229ae90e9dfef3656478ebca12ec317d925be9954d90c3d37fbd115	2
v1	haswell	validateUTF32	shared-kernel-v1-f9e4b473a3eafcf1e6a7215f66fd67f41e587eb634212f825e8e1a2dab750fb4	FC-v1-helper-validation	op-v1-fcf3c75ef3a8f35fde8f3d10682e337ae82354741896c312930200ba84199588	cell-v1-02089cd856f202342fdf1e068950a73c32d5e202f40d457d611228f1f539e5fc	1
v1	haswell	convertUTF16BEToUTF8	shared-kernel-v1-fd282ed21db6028887ca8b3a7d79b21f76bfcede641e4fcd196c0fe309ec92ec	FC-v1-utf16-source	op-v1-9dd40313a0fd1522ac7e341f3e47da0e7df68fd14fd7ecab7030f2497b9685d4	cell-v1-7c877c7efb425bf5fc53b89de2fe42b7814e461da493058c437ec7af0ff2431d	2
v1	haswell	convertUTF8ToLatin1WithErrors	shared-kernel-v1-fd861140f4fdb824d270d932cbc3b44a71271cb127d8611c9a05d6b21a7b0e21	FC-v1-utf8-source	op-v1-9faf24b0d77040758b655ad10726a067ac785521ef338911bbc14377e4cd1124	cell-v1-0d2535507abc847ec424dbf848f387729e7e31152b50f982b355aae6fb7ebb8d	1
v1	neon	utf8LengthFromLatin1	shared-kernel-v1-008e42204a6c39444dda385b2b80e52dc3aa8885c3fc479d109a520d87c9ff7f	FC-v1-latin1-source	op-v1-f16145af648802b565b96f95a0b48d81e4b24c8a3e638548cb6d147d331ebf1b	cell-v1-f329814481fe8b248ff678cdeaf2454446d0dbb4b95f4696e323ad7fb6cbfa87	1
v1	neon	utf16LengthFromUTF32	shared-kernel-v1-04dfb4bc1d557cbeb7bcc06617aca9e10bc050b4d918beec026ee588674ff8da	FC-v1-utf32-source	op-v1-f16145af648802b565b96f95a0b48d81e4b24c8a3e638548cb6d147d331ebf1b	cell-v1-73047a577a682474cb08b1475e582e7de8132c1ab8cf815d48a90b5c6a592ce1	1
v1	neon	changeEndiannessUTF16	shared-kernel-v1-075c7b399054847ec56f9972cb77a806955cdba00560a95f04930cc89f11dd41	FC-v1-utf16-source	op-v1-f16145af648802b565b96f95a0b48d81e4b24c8a3e638548cb6d147d331ebf1b	cell-v1-1886c13ca8a7ca378252831157a5aed98b1688e6ca32b692859089649ba3ab2a	1
v1	neon	utf32LengthFromUTF16LE	shared-kernel-v1-085fb6572eb93e249fdb940a784b8064376318877e969133589e20a7ab456ed9	FC-v1-utf16-source	op-v1-6eea92180fce34d88c932293380df3d76d366c3edd7e0ec5957e9ab46316c226	cell-v1-10cd484dc8659a869caec76919c20645d76cda00056ea47cfd2e9e942fd41902	1
v1	neon	validateUTF32	shared-kernel-v1-206e77caf4065d9ba565db2397c67eabfd6f2b08557f27aaa9785998bb486972	FC-v1-helper-validation	op-v1-fcf3c75ef3a8f35fde8f3d10682e337ae82354741896c312930200ba84199588	cell-v1-5c76b34843b3a113daaee0889d3c0ba10136cb8e2736a9ca4698692c8b57b141	1
v1	neon	convertUTF32ToUTF16BE	shared-kernel-v1-20fd4d4817f0bb660f948c2940b9f0b3b009854d651ba39ed4f1def0edd93b7b	FC-v1-utf32-source	op-v1-ea2475b4ee7714eee51951faef2b0c9e3bd230f1ed9c34abab54f52ccdedd4d7	cell-v1-55311f2d1a36ca341a7fb1bdac2bd2bf6280cd7a0bc298ff6038dc105801e2c8	2
v1	neon	convertUTF16BEToLatin1WithErrors	shared-kernel-v1-2377b4552402852c07bdcd8a453d44d27d76d2933cad10e5f15e03904230bddd	FC-v1-utf16-source	op-v1-23e074688c6da1c3d0e4e2753a70d2f71051002554b52104e12d3ab4ad6edb82	cell-v1-64266328122e64df326b3266072e59ef39c6769a7a15bcae4f1a9071893d387e	1
v1	neon	find	shared-kernel-v1-237ff0c4441f98a06ae5c62ab9090b58dd5fbdf43b52a95b3bdd9063286d988d	FC-v1-find	op-v1-f457b8d0b8064fed65b7673d88f36043087ed548c21061e445413e0c72973a5e	cell-v1-8a8c080b2e83bc1b238eaf6197aa66874e70efb586d811a524e211834b550515	1
v1	neon	convertValidUTF8ToUTF16BE	shared-kernel-v1-23a558c308ded7d76fc28f7a0c7be0421caef4d3ce84a8efa473d6f0c769b128	FC-v1-utf8-source	op-v1-40ff3813edc41e431f3dfdfd52ef8beeeb37db6a3a1a28156be20f66ed3e1dca	cell-v1-e8799d419331b2984d9fdbacb0203c3e9a0911d5ea1b206c989ca02e05501411	1
v1	neon	convertUTF32ToLatin1	shared-kernel-v1-278ec82296fbccb5999378d1a21fdf33a65a84ac144c2307d87924b9010cf356	FC-v1-utf32-source	op-v1-1e18b5d883af6824d11bf9595275b60b5dadfa3aceb16261ccf26a7f62f04ed9	cell-v1-689aed6a39bdd36fc3699ed07ce5dabe80c2138b11c577b2e17d72b764c2c644	2
v1	neon	convertUTF16BEToUTF32WithErrors	shared-kernel-v1-2896bcf4e1438328e864f340a9e5d9cf4a9ff7a8655b4f607d5db6b00d02e2b9	FC-v1-utf16-source	op-v1-6eea92180fce34d88c932293380df3d76d366c3edd7e0ec5957e9ab46316c226	cell-v1-d7a65e82248aa6df9ed66b1a29d3ac55ae24f8ca302143f35a432b719d508556	1
v1	neon	convertValidUTF8ToUTF32	shared-kernel-v1-2ee74f1701a7f1e51d2d226bf394e8e7f5255c6fc60d21fbc0d9b68cc1ef977b	FC-v1-utf8-source	op-v1-e873fa9443cdd8f0da23033c51511f306b365bb447808f2c01e2a44185f4b40d	cell-v1-996734e6182e338deeedfb1764b221c026ade2ef75dd3aad12bc078dc18fab60	1
v1	neon	base64ToBinary	shared-kernel-v1-31020566d9f8ed34ccafa2efe72e9b583d1fdd09161f78c77eca1f6fca4c150f	FC-v1-base64	op-v1-26b7be20b0edb4bbe19d6040c653a2816d536b2323353575cfe0c48bfbaa7fe5	cell-v1-4e2bea34bdc6662267982a7d8fbc3c3656bff3b7037d5688377381190406523e	2
v1	neon	convertUTF32ToUTF8WithErrors	shared-kernel-v1-32f3dbd6a6680c29d0d81b909e783fae16ddc287304c7f1f178b4779906e2476	FC-v1-utf32-source	op-v1-ab0bc72785d23b8753a399b8c46dce11e242254d665fb6c0e7d355fc76f47d7a	cell-v1-b3e256f48f302c0d1dfbcbbebe756c214158cd3d6d21f693e11b897293567ba1	1
v1	neon	utf8LengthFromUTF16BE	shared-kernel-v1-35926b2eaea4ef59ccdfb6691d3a5c544a9d8e490af232ad1510eaccb7bd5819	FC-v1-utf16-source	op-v1-9dd40313a0fd1522ac7e341f3e47da0e7df68fd14fd7ecab7030f2497b9685d4	cell-v1-57669d7e2cc4309e7ec00a54a6688fb9e204330ca21619b01ab0af52ec7d51b1	1
v1	neon	findUTF16	shared-kernel-v1-39783f85b804e14960868e5e5df734ec746677ed98e377966e5bbda098cba191	FC-v1-find	op-v1-f457b8d0b8064fed65b7673d88f36043087ed548c21061e445413e0c72973a5e	cell-v1-9283f069d0b35261b1b8aa49035a349a91e069bc91d37a3659e424d7d8ebd6f3	1
v1	neon	convertUTF16LEToUTF8WithErrors	shared-kernel-v1-3a3383ed01b9f4e976bfae1546124c56c4950463ceed52c5c87dacdd32ecf8ee	FC-v1-utf16-source	op-v1-9dd40313a0fd1522ac7e341f3e47da0e7df68fd14fd7ecab7030f2497b9685d4	cell-v1-2d6abe7e35d2bd0beaa137c47e0f10be0387d74e8382f2ec788c04f3c6f93f87	1
v1	neon	countUTF16BE	shared-kernel-v1-3a695b92b844d66234555a515c44b5595fe8359e4b60610f32b14a4999a271c5	FC-v1-utf16-source	op-v1-f16145af648802b565b96f95a0b48d81e4b24c8a3e638548cb6d147d331ebf1b	cell-v1-c306ef3408feea85f4aae92914a88e237a9c5192639db8bf11a2ea0676785fc3	1
v1	neon	convertUTF8ToLatin1WithErrors	shared-kernel-v1-3c46b09197a776a54a21c8da40ee4127b864b6f01fc1efcbb3ddbbda3ab41870	FC-v1-utf8-source	op-v1-9faf24b0d77040758b655ad10726a067ac785521ef338911bbc14377e4cd1124	cell-v1-db3e48ed3a2f7e3e885b4965eee7f0c28ccac4758280c771ef702456ec204438	1
v1	neon	convertUTF16BEToUTF32	shared-kernel-v1-3d475596b7a42782a16827a530722856bd3e8a6749daf867617ab7ca5158b7c3	FC-v1-utf16-source	op-v1-6eea92180fce34d88c932293380df3d76d366c3edd7e0ec5957e9ab46316c226	cell-v1-5beb78c7953babfec492eb28a128dd44d361558d35058d1e9c3c351cfbafea23	2
v1	neon	utf32LengthFromUTF16BE	shared-kernel-v1-3f1110213e54e9e3df7b1e7b203a1d04ed24333053704e8e243ffbad1a6b29f4	FC-v1-utf16-source	op-v1-6eea92180fce34d88c932293380df3d76d366c3edd7e0ec5957e9ab46316c226	cell-v1-51d319d473499c3f7105fe2c8cec0bed6efffc44279b81c7d03be9204d06c6a8	1
v1	neon	convertUTF8ToUTF16BE	shared-kernel-v1-3fc2ecf31239cf57540d9677d835f37c5d189a84b660cf0e9201e8dba690d0ab	FC-v1-utf8-source	op-v1-40ff3813edc41e431f3dfdfd52ef8beeeb37db6a3a1a28156be20f66ed3e1dca	cell-v1-b62a6dc4f51a08c518b2725fcf13bd95c39f9afdf81bdc9cd00fb9af27e5acc4	1
v1	neon	binaryToBase64WithLines	shared-kernel-v1-4022c0f2b09e7f4e3d748b664120a94fdc4990f439f8779137dfda6f8f6edcae	FC-v1-base64	op-v1-848432663386540ad98bd7928ec1b28e69d62fd64d15c46ba10443166210a11b	cell-v1-f9a00682432964d2fe50b906e15276b4b6e4030487a7304e6604718d859b8bb1	1
v1	neon	countUTF16LE	shared-kernel-v1-4146dfeb133f1f4bdba6301bcdd316a671c990d79b0ed77088dced7b3cb08f04	FC-v1-utf16-source	op-v1-f16145af648802b565b96f95a0b48d81e4b24c8a3e638548cb6d147d331ebf1b	cell-v1-94e813a34dcfc83647bfa65900e86be2b6f33360a91dac488c1020c4d0dcdacb	1
v1	neon	utf8LengthFromUTF32	shared-kernel-v1-43906cc1b027435edafd7a9f26c43b15ba89866e75d47c11c375095a83c4e83d	FC-v1-utf32-source	op-v1-f16145af648802b565b96f95a0b48d81e4b24c8a3e638548cb6d147d331ebf1b	cell-v1-a658d76f097eeaa18029fc027589fcf70c9abf5b94a3e1100825de7bc32147fd	1
v1	neon	convertLatin1ToUTF8	shared-kernel-v1-497768f04a3bea0349bd0bae71d581e7158adf91f5b62d967869d7e33a3f5945	FC-v1-latin1-source	op-v1-3eb929e27b14b04ee5095e916e85c77cd45d0b24c2596dc80e916182a794a411	cell-v1-c3a042aa1a23adb82f255518d72b2256c54c5ef898b1e017209eeeea241a4be9	1
v1	neon	convertUTF16BEToUTF8WithErrors	shared-kernel-v1-4e2d3d9baa9ee6698cbf8ecbf48d868ecefe4c728cdfc20bd88a16bea3fe19e2	FC-v1-utf16-source	op-v1-9dd40313a0fd1522ac7e341f3e47da0e7df68fd14fd7ecab7030f2497b9685d4	cell-v1-e389c55ecd6d9dbc2222d7fb434a611f90e1a04eb6d0cec2030bb1d5176741b7	1
v1	neon	toWellFormedUTF16BE	shared-kernel-v1-50bbb0001211191c6e057504b6fcdcee4eb5ae4c17e97029e334a61e9ba6a01c	FC-v1-helper-validation	op-v1-9a03658c5a22f236d7c1ed6a8e4dd239f57ce39a454a43d6890cf3e1212f178a	cell-v1-d3fa842c9543ca8f81105ab35d64a51b9178e6b0b7b53cf6ebc15039da51b7f7	1
v1	neon	convertValidUTF8ToUTF16LE	shared-kernel-v1-5256f25bddad36fae1945adf8ca60e127b1b25156cdc5d8e042ad7e33d60fe04	FC-v1-utf8-source	op-v1-40ff3813edc41e431f3dfdfd52ef8beeeb37db6a3a1a28156be20f66ed3e1dca	cell-v1-1cd176baea407830cb634ecfe7c52812ca9a7c5635fcacec6601e3f177e21991	1
v1	neon	binaryLengthFromBase64	shared-kernel-v1-5a096fd0ecc2378018dd1e6b29d5169a50cab5f1bc4c6874adf19dc1dd991242	FC-v1-base64	op-v1-26b7be20b0edb4bbe19d6040c653a2816d536b2323353575cfe0c48bfbaa7fe5	cell-v1-c5eaef07b3008183bd1080382c79153502a93ab4d931f1d643649aab1a714725	1
v1	neon	convertUTF8ToUTF32WithErrors	shared-kernel-v1-5ffbd3c69afffba80bd8915945e7ce498a445d16540267b4c629db56d13784b4	FC-v1-utf8-source	op-v1-e873fa9443cdd8f0da23033c51511f306b365bb447808f2c01e2a44185f4b40d	cell-v1-7ce19483f8837c6cca00f90bfa27bc664e20a40e83907e15a1470483c0c5ef4c	1
v1	neon	convertUTF8ToUTF32	shared-kernel-v1-68dc26aa6d850106f572da85a86878cb502cc90a581e2534d4d3a717b2b83c88	FC-v1-utf8-source	op-v1-e873fa9443cdd8f0da23033c51511f306b365bb447808f2c01e2a44185f4b40d	cell-v1-7ef0ab606b2421ac55084665a7a94607b5b8f3998f59c6c059efca215f28f759	1
v1	neon	validateUTF16BE	shared-kernel-v1-69a1d61a7ce6b0e63aa3136d8d7e808255145c4ffadbb88754ccdeddaedebd1f	FC-v1-helper-validation	op-v1-746f2ddb034fd6031f7480dc27f8384c48b313010cdf7ce853d620b940e70a90	cell-v1-f5c61daf7cd9a6800ac1548bd6a50ba35d48f4699d1758bf79cde7d7d1180c9d	1
v1	neon	validateUTF16BEWithErrors	shared-kernel-v1-6e14be5834d40fb17a19fddf93110ffca31144779b9ca051227e99ece4adb2fc	FC-v1-helper-validation	op-v1-746f2ddb034fd6031f7480dc27f8384c48b313010cdf7ce853d620b940e70a90	cell-v1-629f1968eab2f1dede54192ada440ab7dca690e3beca86ac3ab2a828587ac7c1	1
v1	neon	convertLatin1ToUTF16BE	shared-kernel-v1-7268de3ffcb24fe6f7ff1e9afc3ef1699ebcd8bca39454285e3ffc2705bd07da	FC-v1-latin1-source	op-v1-6bdeb609715598fd665e96ece3f87d3fbe30a1f94119012db8eef0f8321a5ae8	cell-v1-fa722c65aa1977869b45774f9f9f0842744739cdce2aad01fccce49d3f890e76	1
v1	neon	convertUTF32ToLatin1WithErrors	shared-kernel-v1-75aa41c1752453e6ddc8ed224d90191864fb7548e1989c4303611d8e364b5f51	FC-v1-utf32-source	op-v1-1e18b5d883af6824d11bf9595275b60b5dadfa3aceb16261ccf26a7f62f04ed9	cell-v1-c31b6d05ef37e42f560fa166eef33a45466d326166bdfe654ca9ce6e976a39c5	1
v1	neon	convertValidUTF8ToLatin1	shared-kernel-v1-77c9c530323e948911bf64fe8b7e7f21d9088828dc2a49bf3015fe41e30c5c5e	FC-v1-utf8-source	op-v1-9faf24b0d77040758b655ad10726a067ac785521ef338911bbc14377e4cd1124	cell-v1-86da5a2c5b5325111bdfb132db91ea6cb945501f6f07c6699939a791a1b270a9	1
v1	neon	utf8LengthFromUTF16LEWithReplacement	shared-kernel-v1-77eb8c9401d28f54b41905f5c85f53514f41bfa9d92e0ae486028218fa3b38db	FC-v1-utf16-source	op-v1-f16145af648802b565b96f95a0b48d81e4b24c8a3e638548cb6d147d331ebf1b	cell-v1-a8c4b6c57f4e8990195ed4d580e5705bb982d025fb143af8522de635a5190767	1
v1	neon	convertUTF8ToUTF16LE	shared-kernel-v1-7940757e78a63b1314d625b4a791c54bb2edaad55a18cda91c6a6370d0f5b87f	FC-v1-utf8-source	op-v1-40ff3813edc41e431f3dfdfd52ef8beeeb37db6a3a1a28156be20f66ed3e1dca	cell-v1-61e8a66545b359a742a7b31c568d8f918b83c7817cf3d18cbe7f40e560356f33	1
v1	neon	convertUTF32ToUTF16LE	shared-kernel-v1-79969e63af2805f55e4f1e8d1d52cc292bc18117eb370f21d09d9887d3cc0cf6	FC-v1-utf32-source	op-v1-ea2475b4ee7714eee51951faef2b0c9e3bd230f1ed9c34abab54f52ccdedd4d7	cell-v1-32b6ca97f5738848b14b1f79500183643a6f45e4dac742dc318df91f07db0a7f	2
v1	neon	convertUTF16BEToUTF8WithReplacement	shared-kernel-v1-7aa223a4d2f3e014c4b0321d5e0fc3dc91cef9a37052250f8dbbbb991a9dc0a0	FC-v1-utf16-source	op-v1-9dd40313a0fd1522ac7e341f3e47da0e7df68fd14fd7ecab7030f2497b9685d4	cell-v1-7f72be53b72806655563eb8383a518ba565353e3002e28863b80c7e077bff71a	1
v1	neon	binaryLengthFromBase64UTF16	shared-kernel-v1-7c48496a26f41a7207959a9460b7df0990893ab68fec1a60a3a99b49b1186bf6	FC-v1-base64	op-v1-26b7be20b0edb4bbe19d6040c653a2816d536b2323353575cfe0c48bfbaa7fe5	cell-v1-12edf100eb17023e7003cf627fc8d3c89573d3ce238a320cba0a6396957c2899	1
v1	neon	utf8LengthFromUTF16LE	shared-kernel-v1-7fae18f5dd9ef7bebbc272d78f9da0bc27731643d81e46f5992c9ea0e4d0a2f3	FC-v1-utf16-source	op-v1-9dd40313a0fd1522ac7e341f3e47da0e7df68fd14fd7ecab7030f2497b9685d4	cell-v1-50c860b8903ec90f5443adaf11dbc18635bfa704043fb33b562c79410b2ddc59	1
v1	neon	toWellFormedUTF16LE	shared-kernel-v1-808aef066606e72db54c64fa931ee506592425405688a90ec20e8eb2cc7fa997	FC-v1-helper-validation	op-v1-9a03658c5a22f236d7c1ed6a8e4dd239f57ce39a454a43d6890cf3e1212f178a	cell-v1-ac248b9d0a78b4f8b573ae3177a34bc892cc6df1d1c95ceddbbd40ca2b2ed979	1
v1	neon	validateUTF16LEWithErrors	shared-kernel-v1-889ed4c2c06af9400fdf9225b1588a00fc903afd35d146974f31c833acf6118e	FC-v1-helper-validation	op-v1-746f2ddb034fd6031f7480dc27f8384c48b313010cdf7ce853d620b940e70a90	cell-v1-384c263a0e94659fedcc18cf58fc109a0d42f728f17b8cdd7150c32067382556	1
v1	neon	convertUTF16BEToUTF8	shared-kernel-v1-8b58bbf47ebad7c0c351222f15d20af42da6dd21a24422506e15c4647f0d4395	FC-v1-utf16-source	op-v1-9dd40313a0fd1522ac7e341f3e47da0e7df68fd14fd7ecab7030f2497b9685d4	cell-v1-c3567f92198f3a7cd07c6adcc85ae3c4f86840293011129c5220f7202d7a27a1	2
v1	neon	convertUTF16LEToLatin1	shared-kernel-v1-8e3aa384f4a26beb2b050b6a6877262e5ce1785e26335f06ea7c3632928521a0	FC-v1-utf16-source	op-v1-23e074688c6da1c3d0e4e2753a70d2f71051002554b52104e12d3ab4ad6edb82	cell-v1-a3a2e2b087e7d3559640c927b7010dfe52ec9f32fe5971cf045106f3691cf11f	2
v1	neon	validateUTF32WithErrors	shared-kernel-v1-a5449eb9e3b1206992f6781a0855d9fdd4068290ea1d3b178af057f4fbfd0a06	FC-v1-helper-validation	op-v1-fcf3c75ef3a8f35fde8f3d10682e337ae82354741896c312930200ba84199588	cell-v1-c57033b0123a86a5c94b09d92fc23e1b1ce1ac0bfb21e393479f263faf6515bb	1
v1	neon	convertUTF32ToUTF8	shared-kernel-v1-ac2593cdf14dd7e2ea3edf2b599523e2a6c0813770d35a77dde8f0ab52f0f0aa	FC-v1-utf32-source	op-v1-ab0bc72785d23b8753a399b8c46dce11e242254d665fb6c0e7d355fc76f47d7a	cell-v1-58cf5b91cdb9aff38b0808f218084ff4a19d60d66157d0fd7d042f47da418c9b	2
v1	neon	detectEncodings	shared-kernel-v1-acece69ca9206b5a0c2dbe08bd4547a1071d39970805ca51aaa595a18e79b768	FC-v1-detection	op-v1-8bf5280de3f19b673c2a0021cc5bd4e7d81ea47005039910cedb58431cb8b159	cell-v1-3f7e20783deee1a02b5b7a94099de1f4ec2f72c7d8193553009d07df553619ef	1
v1	neon	convertUTF32ToUTF16LEWithErrors	shared-kernel-v1-af2d31a1aab27792b93307835c91fe9714829b79b338217544f9a42e1ebacec5	FC-v1-utf32-source	op-v1-ea2475b4ee7714eee51951faef2b0c9e3bd230f1ed9c34abab54f52ccdedd4d7	cell-v1-8a98058be4161b87101e75bdb03f7718188b31814a06446645ca564fa4b2aeb9	1
v1	neon	utf8LengthFromUTF16BEWithReplacement	shared-kernel-v1-b07afa3b8e7f4fe5395e1e8ccb36d9598df63e2b2bfa9ba7cd73c6e0146aaba4	FC-v1-utf16-source	op-v1-f16145af648802b565b96f95a0b48d81e4b24c8a3e638548cb6d147d331ebf1b	cell-v1-5f8bc592f0e08b0f313b886f73c606145cb1af6026f61c45a5b8993f3c4f172e	1
v1	neon	convertUTF16BEToLatin1	shared-kernel-v1-b925c964903c2c7ff5546ada19d01a864ca1ebc7f92e0f5b568046f2361b2a56	FC-v1-utf16-source	op-v1-23e074688c6da1c3d0e4e2753a70d2f71051002554b52104e12d3ab4ad6edb82	cell-v1-143d7b4e7c9f2c6f635bbaa486c4d69ecb09dd8bd7924042893032e7891b8d12	2
v1	neon	convertUTF8ToUTF16LEWithErrors	shared-kernel-v1-bf57ae138e8f439f252fbb18f10b5341d6b1c04a097555c9a2af32837af5d26a	FC-v1-utf8-source	op-v1-40ff3813edc41e431f3dfdfd52ef8beeeb37db6a3a1a28156be20f66ed3e1dca	cell-v1-8b85ffbed012688e5a8761851d132a10c8a1513071afd29d92a67a9adbfdc5ab	1
v1	neon	convertUTF16LEToUTF32	shared-kernel-v1-c9af7a82bd13a3e0c543332c6f15ac7b52558403a57d45051c4147db36e94af5	FC-v1-utf16-source	op-v1-6eea92180fce34d88c932293380df3d76d366c3edd7e0ec5957e9ab46316c226	cell-v1-5ee2eb7dfe98b9df9345142fb516a6849be408d517bb35007c3baf43c9e8417e	2
v1	neon	convertLatin1ToUTF32	shared-kernel-v1-cb85a50b27fe923d3e5c5e38a402ca8f82c26d040ef7d7206831de00415bac08	FC-v1-latin1-source	op-v1-5176d9d059b5f5fff21b90ce06c2a15a9d27626704f9a9f002798f8f54ec21ab	cell-v1-44c9652ea2b7565931da399697679dd864fdf44250597557a76dfacb7cb6da9c	1
v1	neon	validateUTF16LE	shared-kernel-v1-cbd5e42409e2457aea8b9a66df38c738f8aa89a27ccf97f05b9a0a0135e862af	FC-v1-helper-validation	op-v1-746f2ddb034fd6031f7480dc27f8384c48b313010cdf7ce853d620b940e70a90	cell-v1-2fc44c783d1116243734bba21505a7186819d7739fd3bc7e0bde9453f38ac5f5	1
v1	neon	convertUTF16LEToUTF8WithReplacement	shared-kernel-v1-ced628af357e40a00223ef49ab9ad2825c5ef392c5d9be6648bf6ada453f3917	FC-v1-utf16-source	op-v1-9dd40313a0fd1522ac7e341f3e47da0e7df68fd14fd7ecab7030f2497b9685d4	cell-v1-cd1946d0a5d7eab5d6970454d24ef9c4da266f6a0a855e388de77c4d1987f9a6	1
v1	neon	convertUTF16LEToUTF32WithErrors	shared-kernel-v1-d0f608fa63b2905c4f04d7b8e2f9e9112fad896d6923560f53fc8b6dcff5b00e	FC-v1-utf16-source	op-v1-6eea92180fce34d88c932293380df3d76d366c3edd7e0ec5957e9ab46316c226	cell-v1-0bf0104b71e549c41bc7b05b017a6409d74c7b5b8d9197d89306cf70046953a6	1
v1	neon	base64ToBinaryUTF16	shared-kernel-v1-d17cd4188fd98a60064f0cf76c746a2608aa8e6ee8dd068bafb985110c2435ae	FC-v1-base64	op-v1-26b7be20b0edb4bbe19d6040c653a2816d536b2323353575cfe0c48bfbaa7fe5	cell-v1-cb8777ca848ae385da9926ab34da5c995e100bf8d052bb9e0bd6a1500294b201	2
v1	neon	convertUTF8ToLatin1	shared-kernel-v1-db4a1760f947f30c3ddb4cb4028e602f068cf63f59a286d85c3c84131a5cd3f4	FC-v1-utf8-source	op-v1-9faf24b0d77040758b655ad10726a067ac785521ef338911bbc14377e4cd1124	cell-v1-ffc1da416310df898f254b6a295dec625eb2250472e90ce6fd6a58c33d3f75cc	1
v1	neon	convertUTF16LEToLatin1WithErrors	shared-kernel-v1-e4fb2fff0c495a421212b1012bec73e739b6347d53bbf717578f6d951b9154b9	FC-v1-utf16-source	op-v1-23e074688c6da1c3d0e4e2753a70d2f71051002554b52104e12d3ab4ad6edb82	cell-v1-cfeaf8b90660dd8375e8c7fd9e4f457f291d1f8ed123596bddd3a8a59f512098	1
v1	neon	convertLatin1ToUTF16LE	shared-kernel-v1-e8d645a8453dafd436d0c54ef33c11e8381eadd4f157dbb5b50b04f0aff2e064	FC-v1-latin1-source	op-v1-6bdeb609715598fd665e96ece3f87d3fbe30a1f94119012db8eef0f8321a5ae8	cell-v1-6083fb53eea0c466ec5b2d5be36ab7c322ba131975a6afc8f51b79af14fd8ff8	1
v1	neon	convertUTF16LEToUTF8	shared-kernel-v1-f09640aa8f7b48048e0554bad07dcc3c4112096f1288f003c26ef1f36289cfbc	FC-v1-utf16-source	op-v1-9dd40313a0fd1522ac7e341f3e47da0e7df68fd14fd7ecab7030f2497b9685d4	cell-v1-bbbf2470b60a53f3252412f4d24c7f534b0e19fbfd4f9b3d3ebf6fe3832001b1	2
v1	neon	convertUTF32ToUTF16BEWithErrors	shared-kernel-v1-f4159d4578b67e137212c6309b37b70da584d033d805f2eb09eee8c076fc7e88	FC-v1-utf32-source	op-v1-ea2475b4ee7714eee51951faef2b0c9e3bd230f1ed9c34abab54f52ccdedd4d7	cell-v1-e61d0615c8bc51b7c45d3f6d8dce367ba7a73100959cc920a569c0740e4bd848	1
v1	neon	convertUTF8ToUTF16BEWithErrors	shared-kernel-v1-fd38d6bde772a1db00af435683438d014d92beaa26efa9bda375366b6d5ff9d8	FC-v1-utf8-source	op-v1-40ff3813edc41e431f3dfdfd52ef8beeeb37db6a3a1a28156be20f66ed3e1dca	cell-v1-441e9ee096a60aa1716f9a3bb1c8fd413b3b913c830734e99ab0f219efc6d89e	1
v1	neon	binaryToBase64	shared-kernel-v1-fed3bf12ce5baac4586844b30e5f143a05f6488e713bd86b60dcc46672def92b	FC-v1-base64	op-v1-848432663386540ad98bd7928ec1b28e69d62fd64d15c46ba10443166210a11b	cell-v1-8ce2d331d616fc9b9a0a4ea43ce9d47acaced3f4e5a5a4235ac5a723db09f477	1
v1	westmere	convertUTF16LEToUTF8WithReplacement	shared-kernel-v1-016481a60114a586edaa02314d480535ddc655f8b2ff810fd9aa6448ed2d9fbc	FC-v1-utf16-source	op-v1-9dd40313a0fd1522ac7e341f3e47da0e7df68fd14fd7ecab7030f2497b9685d4	cell-v1-76685e268a0e46fb2a9bf7a1ac888e8128467e2c7e6daa2202187060057d4372	1
v1	westmere	changeEndiannessUTF16	shared-kernel-v1-0568f4dd524965d73dfd78295c99c0c3e5638bca28c5538f171e0d37223664cc	FC-v1-utf16-source	op-v1-f16145af648802b565b96f95a0b48d81e4b24c8a3e638548cb6d147d331ebf1b	cell-v1-e1a0f5c129ef5dc08f2a77a90596659c1c10a4fc13aacc2c7b2abd15ab8e87b4	1
v1	westmere	utf16LengthFromUTF32	shared-kernel-v1-065b395b1fa7c41edd2097a419c1d856972d012984fc4ddf095bda49ffb3df4b	FC-v1-utf32-source	op-v1-f16145af648802b565b96f95a0b48d81e4b24c8a3e638548cb6d147d331ebf1b	cell-v1-f94368bc6b53c92c34d0bfa455fa35cd1135a9142d936b51e600a321dd0446bb	1
v1	westmere	convertUTF8ToUTF16LE	shared-kernel-v1-07e17624451943c1d37553fdf196fdb6c5ba43cd24f7e09be81971bb3ca30836	FC-v1-utf8-source	op-v1-40ff3813edc41e431f3dfdfd52ef8beeeb37db6a3a1a28156be20f66ed3e1dca	cell-v1-90a69f5d9b6d5e3e45c9c71197a471aa10d9bee842609301f768bd7b03b11a7b	1
v1	westmere	validateUTF16BE	shared-kernel-v1-0d77c2a3998d1df84461175da860f7e0e8bf8990de0381b06ce2edad95cafa70	FC-v1-helper-validation	op-v1-746f2ddb034fd6031f7480dc27f8384c48b313010cdf7ce853d620b940e70a90	cell-v1-30052e6a1e7194176bb30ea05de7be69a9d6da6dd6d3bc457fa32b0289bc8ee6	1
v1	westmere	convertUTF16LEToUTF32WithErrors	shared-kernel-v1-0f7a44d6a6c961fb36c0aee7f89179b3dcfd034b73767e39031efff9613825c4	FC-v1-utf16-source	op-v1-6eea92180fce34d88c932293380df3d76d366c3edd7e0ec5957e9ab46316c226	cell-v1-2ab3eee0b04af428813bdc01cff5738527f46b690690fa768ec94886e6666f60	1
v1	westmere	convertValidUTF8ToUTF16BE	shared-kernel-v1-1870ae906fa89fca033baa2ac62da5c2544cc8605409464f5aee0d3be68570ea	FC-v1-utf8-source	op-v1-40ff3813edc41e431f3dfdfd52ef8beeeb37db6a3a1a28156be20f66ed3e1dca	cell-v1-2b949ff8bc66acbe3f0a0f8158df32290d263e576c5b29afaaf729152a9117f8	1
v1	westmere	convertUTF32ToLatin1	shared-kernel-v1-1a7f448b04c90c2634324148d692f583799fdf6cd455538e1c90b5bf4258cfcb	FC-v1-utf32-source	op-v1-1e18b5d883af6824d11bf9595275b60b5dadfa3aceb16261ccf26a7f62f04ed9	cell-v1-19588ff085a81ebdf41295b0d5a124539fb0f4505a99a82b49d1b0c43735d86f	2
v1	westmere	utf8LengthFromUTF16LEWithReplacement	shared-kernel-v1-1b47eadf3eab76521e0d9a6d2207a04cdd03ce31f53b3ef1bd11174ac6ee2f9f	FC-v1-utf16-source	op-v1-f16145af648802b565b96f95a0b48d81e4b24c8a3e638548cb6d147d331ebf1b	cell-v1-bb589d913c06da2831231636cc254d594eb1f26f8ec6c07fe2d34ac7e907d5b7	1
v1	westmere	utf8LengthFromUTF32	shared-kernel-v1-29a70b09c89be6a9c86dfd2811e2f2f500b92b5e22e7b31fa60e95e53c57fc62	FC-v1-utf32-source	op-v1-f16145af648802b565b96f95a0b48d81e4b24c8a3e638548cb6d147d331ebf1b	cell-v1-810fc2324263c5ae835204a92d5f8344418e45602f03cad88e7c9aab82c6a2d3	1
v1	westmere	find	shared-kernel-v1-351a1889e56efac9451c33b9e56d6122a972d1cac923c7717b4b6bb210eb7368	FC-v1-find	op-v1-f457b8d0b8064fed65b7673d88f36043087ed548c21061e445413e0c72973a5e	cell-v1-459c34c247510af3abc701817e8145eadd8eaa59198e0cd82a3d77e3bf4ec2e5	1
v1	westmere	convertUTF16BEToUTF8WithErrors	shared-kernel-v1-3b9840d264220d3e190a97e6961d2c36b066e88876a339a190362c49fb1fafd4	FC-v1-utf16-source	op-v1-9dd40313a0fd1522ac7e341f3e47da0e7df68fd14fd7ecab7030f2497b9685d4	cell-v1-ba7ad3e05002cfffbac3d99a35463d2d8789e53a0e13604ec8f5171cd3a828a7	1
v1	westmere	toWellFormedUTF16BE	shared-kernel-v1-3e25b61c27fc405130b0d9ffdc53716e8dc0c964f305816ad3234b32e5864d59	FC-v1-helper-validation	op-v1-9a03658c5a22f236d7c1ed6a8e4dd239f57ce39a454a43d6890cf3e1212f178a	cell-v1-96bd2e19dc4bc73bed16b36b61359ad9983f50340717957b3e9f98ca16d00b99	1
v1	westmere	convertUTF32ToUTF16BE	shared-kernel-v1-3f665ec1e5dc222e8f006ba60eacc848011d595d63e9eb9e0f0ebcc00921f141	FC-v1-utf32-source	op-v1-ea2475b4ee7714eee51951faef2b0c9e3bd230f1ed9c34abab54f52ccdedd4d7	cell-v1-65e0b6bd1b4fb60725a5243106c427143f139e50c56c528032a5dfe00ffd63be	2
v1	westmere	convertValidUTF8ToUTF16LE	shared-kernel-v1-4361dc4b69527c043fde23c103984d99f627cc041c34fab7ba03dd03d512348c	FC-v1-utf8-source	op-v1-40ff3813edc41e431f3dfdfd52ef8beeeb37db6a3a1a28156be20f66ed3e1dca	cell-v1-352d89c86d84ce2f733d078754cdda7906136de7a4f5f20eefb0685bd3d5e96e	1
v1	westmere	convertUTF16BEToUTF32WithErrors	shared-kernel-v1-4c35c3872885d4fcd9aa1d993bc8cc39e975119f3e6fb2031c68c8b9cfd8c637	FC-v1-utf16-source	op-v1-6eea92180fce34d88c932293380df3d76d366c3edd7e0ec5957e9ab46316c226	cell-v1-d88dab555e0a9c1dccf8db1ffa653592c33af7a33432ba129e411e85487752e5	1
v1	westmere	convertUTF32ToUTF16BEWithErrors	shared-kernel-v1-58faab215ebeb943e80845115c81784ed8a0bfe1b440c99ab5ebd37dd81aa233	FC-v1-utf32-source	op-v1-ea2475b4ee7714eee51951faef2b0c9e3bd230f1ed9c34abab54f52ccdedd4d7	cell-v1-c5599ba368dd831419d2fd0f5a5de4eb4435db4988c6b35306a0d2f9d8258269	1
v1	westmere	validateUTF16LE	shared-kernel-v1-5b2e28dc380d991830958c5aa91a2b246431a0df7b0bce3520ca2ebb5176b525	FC-v1-helper-validation	op-v1-746f2ddb034fd6031f7480dc27f8384c48b313010cdf7ce853d620b940e70a90	cell-v1-41428e5a951efbfcc66a6ae7b05cf35b49598729d7ff2d6d24f53e033545019c	1
v1	westmere	convertUTF8ToUTF16BE	shared-kernel-v1-62ef084fd443539dbda28f1c3db9b5428b122747dfda9f46d8326165a0f3f620	FC-v1-utf8-source	op-v1-40ff3813edc41e431f3dfdfd52ef8beeeb37db6a3a1a28156be20f66ed3e1dca	cell-v1-a6c22214d666e6abaaa247ad73461e1b91fcc77a6c49459463e17ae1dcb5e5e9	1
v1	westmere	base64ToBinary	shared-kernel-v1-65214b0e50fc8e9ce4db4a9113d1b7f5c4d138dfd6de054519fcfa292cf47908	FC-v1-base64	op-v1-26b7be20b0edb4bbe19d6040c653a2816d536b2323353575cfe0c48bfbaa7fe5	cell-v1-5c7f41c3b86cc05e5e379f7ba41f585854cf98570ddd818a88cdbcefba44e4b3	2
v1	westmere	convertLatin1ToUTF32	shared-kernel-v1-66a286a33a7f3524d63016f299e6b525608677d282ad037b3710bb9e3a597bc0	FC-v1-latin1-source	op-v1-5176d9d059b5f5fff21b90ce06c2a15a9d27626704f9a9f002798f8f54ec21ab	cell-v1-3fab2b4def06f0d3c634740353b36fb73f05a35b428a1ee635f5b00f693dd39b	1
v1	westmere	convertUTF8ToUTF16BEWithErrors	shared-kernel-v1-67e80cbb67ea6d3341c38fd8d809f57f9206d8138341d845f3dbda9948e99195	FC-v1-utf8-source	op-v1-40ff3813edc41e431f3dfdfd52ef8beeeb37db6a3a1a28156be20f66ed3e1dca	cell-v1-15985b7c799ef9f0062c1970737f5087a633ff21df197485d5bc03a03fe72867	1
v1	westmere	binaryLengthFromBase64UTF16	shared-kernel-v1-6b1e3ef372f5acafd6241bd5a9ba7e87ac0e6d68af3ab8f5f62826d9bc176fd1	FC-v1-base64	op-v1-26b7be20b0edb4bbe19d6040c653a2816d536b2323353575cfe0c48bfbaa7fe5	cell-v1-0074e3cebac838e000da9225255f83cbcee3c2715d50aac9c0badbcbcc5df36a	1
v1	westmere	convertUTF32ToUTF8WithErrors	shared-kernel-v1-6f625ed616c74f926e5292a244b2b8a9af8eb3db6d21a0be253c1c96ba362f4f	FC-v1-utf32-source	op-v1-ab0bc72785d23b8753a399b8c46dce11e242254d665fb6c0e7d355fc76f47d7a	cell-v1-ddb2f44adc8c488c7085d536a685453bc9aa3804c23c8c8a749f3a3a50e3a01f	1
v1	westmere	convertValidUTF8ToUTF32	shared-kernel-v1-72cb9acada532796ddb2717bc7bb6003088c888dbd178744779523c85320b799	FC-v1-utf8-source	op-v1-e873fa9443cdd8f0da23033c51511f306b365bb447808f2c01e2a44185f4b40d	cell-v1-9e03b2b543c20477e676b21a20b1722de2081490dc72c2672c81b65ff2c52232	1
v1	westmere	convertUTF16BEToUTF32	shared-kernel-v1-73cc11329bf088a29f48a03d8428afcd9ac9c477a4993cb67f983e09c9f33d86	FC-v1-utf16-source	op-v1-6eea92180fce34d88c932293380df3d76d366c3edd7e0ec5957e9ab46316c226	cell-v1-85f55947001092311c47ebb6255fc994162ddaa2552887e4e086db8b49884cf2	2
v1	westmere	convertUTF8ToUTF32WithErrors	shared-kernel-v1-753fedafdecef2a96ab69f5a5f400522ebd35d5d6f3ed0571bc73c5669d5f259	FC-v1-utf8-source	op-v1-e873fa9443cdd8f0da23033c51511f306b365bb447808f2c01e2a44185f4b40d	cell-v1-6adfa1a6bb9dcf3939bf1a3e943281cadcdc0a60cfba9209ee815a24af57b0c8	1
v1	westmere	convertUTF32ToUTF8	shared-kernel-v1-7747ce00fabb11a1610af3a6a4e7d7968076211bd59b9d58199dffa10b4eea4a	FC-v1-utf32-source	op-v1-ab0bc72785d23b8753a399b8c46dce11e242254d665fb6c0e7d355fc76f47d7a	cell-v1-747ddd70ad90b8c320cbf24362fad6279b80e0fa6602b219d967c2c74f527adf	2
v1	westmere	convertUTF8ToUTF16LEWithErrors	shared-kernel-v1-781c5c53600d6cae2ef682d31056caadddd67660e9f8caa762782c24e634ed2b	FC-v1-utf8-source	op-v1-40ff3813edc41e431f3dfdfd52ef8beeeb37db6a3a1a28156be20f66ed3e1dca	cell-v1-ff93efa8e7e470e2c3d2c52b5a11e3f1f9de9427276b35eb765eb274ad79fcf1	1
v1	westmere	findUTF16	shared-kernel-v1-79b0d2a0a9d48f20b1e9229d13998730737c989797e0dcc53da00542deafdbd1	FC-v1-find	op-v1-f457b8d0b8064fed65b7673d88f36043087ed548c21061e445413e0c72973a5e	cell-v1-32df6db0fe14fbb984a4eb6c843cb383794b65d63d13e92c68a6b9d02bcd3688	1
v1	westmere	utf8LengthFromUTF16BEWithReplacement	shared-kernel-v1-7fb6749477afadd60ad8297928e5c898064bf41c5f5f570e3358818b2c391c44	FC-v1-utf16-source	op-v1-f16145af648802b565b96f95a0b48d81e4b24c8a3e638548cb6d147d331ebf1b	cell-v1-722b229da9c26a9c35043f5ce9e08eeb9d6dc13daa0b628a6ecf1b8782493b99	1
v1	westmere	utf32LengthFromUTF16LE	shared-kernel-v1-82111954c4b6d94e3f0e79a1a82d8851bd093c691522486e6c9aa63ca9ce2d63	FC-v1-utf16-source	op-v1-6eea92180fce34d88c932293380df3d76d366c3edd7e0ec5957e9ab46316c226	cell-v1-cba6c068db4b60f967ac8f291ea49f67ce2a0b37f04ed379d68c6e1c9f254d4e	1
v1	westmere	base64ToBinaryUTF16	shared-kernel-v1-823a9d9c5f2e228081b98c28fa371db74652e4b1d6966f5230daffbb9cbe11da	FC-v1-base64	op-v1-26b7be20b0edb4bbe19d6040c653a2816d536b2323353575cfe0c48bfbaa7fe5	cell-v1-3fcfe3d5625dbeb0fd171ca778c4f9ec917785529f94dbbe9feec27f60bc0e90	2
v1	westmere	convertUTF8ToUTF32	shared-kernel-v1-8330de6102812080a9155047bc3c526eb6b8508ca47834ff94884ddb804c9199	FC-v1-utf8-source	op-v1-e873fa9443cdd8f0da23033c51511f306b365bb447808f2c01e2a44185f4b40d	cell-v1-76e018bdc0ed85b763d396ce6a84261844d376a0aece95b1f84599c149cd350d	1
v1	westmere	convertUTF16BEToLatin1	shared-kernel-v1-83d997ab1fbef67a366bbee1bc69c240afb7c6579a114b9413596cbd854aea75	FC-v1-utf16-source	op-v1-23e074688c6da1c3d0e4e2753a70d2f71051002554b52104e12d3ab4ad6edb82	cell-v1-d03a2b223e25d40e95bba2646ba5b9f62a7bd999d9c655da614f69719c9ebe87	2
v1	westmere	convertUTF32ToLatin1WithErrors	shared-kernel-v1-841edb7f3732e57703cdd3025d0e94ea2293179130d6a1356a5395c7acf6fae4	FC-v1-utf32-source	op-v1-1e18b5d883af6824d11bf9595275b60b5dadfa3aceb16261ccf26a7f62f04ed9	cell-v1-515b699d77267fd7f059c51c2dfad67c4479f9cd198348fc6d2ff95ab9daab3a	1
v1	westmere	convertUTF8ToLatin1WithErrors	shared-kernel-v1-84aec41ae3e87db483857365fc82dd1ea9822f5fc5ec54637de23a25f1b37859	FC-v1-utf8-source	op-v1-9faf24b0d77040758b655ad10726a067ac785521ef338911bbc14377e4cd1124	cell-v1-b75d3e2581cb1ef497bb079cb19425929e3244ff44d5ebd0c308db0042019f2c	1
v1	westmere	convertLatin1ToUTF16LE	shared-kernel-v1-8517e32f9248ebf3ea9083e4f97e4011f3f304ed67bdbce2caf5650408222b74	FC-v1-latin1-source	op-v1-6bdeb609715598fd665e96ece3f87d3fbe30a1f94119012db8eef0f8321a5ae8	cell-v1-b39c77f0ffb442736733c3fe0745c2801cd1d9843411b2b1e01fdb396930b207	1
v1	westmere	validateUTF32WithErrors	shared-kernel-v1-8d367356d65a7e67c69d5642a857ca22d0efc5c3b310258e8a62a827d2cee226	FC-v1-helper-validation	op-v1-fcf3c75ef3a8f35fde8f3d10682e337ae82354741896c312930200ba84199588	cell-v1-43c71c02c9dfe2bc47770da93db597299cfdff4b6def37a3d578a12519b15a58	1
v1	westmere	binaryToBase64WithLines	shared-kernel-v1-96139ede5c4abf40d46991c38551f980d7908687f88d79032a90d29a530a72fe	FC-v1-base64	op-v1-848432663386540ad98bd7928ec1b28e69d62fd64d15c46ba10443166210a11b	cell-v1-cee6fed938262d57cbfea632a641c2109a9fc622519b0f84b9762da036c8eac3	1
v1	westmere	convertUTF16LEToLatin1WithErrors	shared-kernel-v1-9923aede7fa50f02e44fc44da3f3871001066756beeffbf22aeafe4bfe02c8c7	FC-v1-utf16-source	op-v1-23e074688c6da1c3d0e4e2753a70d2f71051002554b52104e12d3ab4ad6edb82	cell-v1-009c63fed8eeb51049a7438242e24c5685520e4eb14de79c6bff8e1efcfa4e0e	1
v1	westmere	convertUTF32ToUTF16LE	shared-kernel-v1-993e3535b814262e50de1792dbb7740bd6a1c33088c245743bf3236707d79360	FC-v1-utf32-source	op-v1-ea2475b4ee7714eee51951faef2b0c9e3bd230f1ed9c34abab54f52ccdedd4d7	cell-v1-6d6e25b066181332a31323a861bf11e45a2ad607491b538d212c2471668012c6	2
v1	westmere	convertUTF32ToUTF16LEWithErrors	shared-kernel-v1-9c0fcab61f245184d31d32c691fb6e80c4ea58d4de2903d2de86133be80a1c32	FC-v1-utf32-source	op-v1-ea2475b4ee7714eee51951faef2b0c9e3bd230f1ed9c34abab54f52ccdedd4d7	cell-v1-1983f203decc5bd644cc7b84badd8788fa38442a5c86641ff7dd45a6364ce857	1
v1	westmere	convertLatin1ToUTF8	shared-kernel-v1-9e0f8fd5fb99d993c68fe47552dbff658c76a00c1e51cc61599fbff9590671b1	FC-v1-latin1-source	op-v1-3eb929e27b14b04ee5095e916e85c77cd45d0b24c2596dc80e916182a794a411	cell-v1-ad5eaa7d0925cfd67b2a245cca9d98f0fbb7f5d6e4e130949f883dc69f455af2	1
v1	westmere	validateUTF32	shared-kernel-v1-a40e02a4cdcea250dc19076c31059e1e27284435c9c0521b8f9514ac43260da9	FC-v1-helper-validation	op-v1-fcf3c75ef3a8f35fde8f3d10682e337ae82354741896c312930200ba84199588	cell-v1-d4e5436b9dc2b67bc6ed85b593be7e574bc7fdca664680307a7d9380624ff304	1
v1	westmere	convertLatin1ToUTF16BE	shared-kernel-v1-a437d1cc5f9b6f3ce9c31e1e5adfde331ecdbe193caf8fa45294296fbc152866	FC-v1-latin1-source	op-v1-6bdeb609715598fd665e96ece3f87d3fbe30a1f94119012db8eef0f8321a5ae8	cell-v1-a72ec4bfd5bc511a5c5c773b017ffacf3cccd497b8626820402c1893e0df06ce	1
v1	westmere	binaryLengthFromBase64	shared-kernel-v1-a63b9ad2dc9183b3a245c418ed2dc3488b738e63521551989372c1617b2acb2b	FC-v1-base64	op-v1-26b7be20b0edb4bbe19d6040c653a2816d536b2323353575cfe0c48bfbaa7fe5	cell-v1-91846cef44468ad400bd2b60fb7d4bbec38c3ec7d8f76512859095d36ca2c382	1
v1	westmere	convertUTF16BEToUTF8	shared-kernel-v1-a730b45c12332835ed46735d10fa7ac6781fb547cfa65e924f6f43ce1f3b5328	FC-v1-utf16-source	op-v1-9dd40313a0fd1522ac7e341f3e47da0e7df68fd14fd7ecab7030f2497b9685d4	cell-v1-4b0374059940dabd9f6a1b7dbe4a2f6dfaa9412d776a8c8b1eea331bb8e4037e	2
v1	westmere	validateUTF16LEWithErrors	shared-kernel-v1-a86df66924835da01065b550a63731e18574877ab5b9053d80a2d64ca3738b42	FC-v1-helper-validation	op-v1-746f2ddb034fd6031f7480dc27f8384c48b313010cdf7ce853d620b940e70a90	cell-v1-4d313b34d5fec701af6d27a194d25b2d74936be166c12f5fe38efa5825b4f270	1
v1	westmere	utf8LengthFromUTF16LE	shared-kernel-v1-b26e0458ad92706ccd6c05181aea58b32dd7b318f4682658de1c8b3ea876bf25	FC-v1-utf16-source	op-v1-9dd40313a0fd1522ac7e341f3e47da0e7df68fd14fd7ecab7030f2497b9685d4	cell-v1-f980e41caab3c6a13122a494d4552b293c91f2df7c496c4f93483d760550d862	1
v1	westmere	toWellFormedUTF16LE	shared-kernel-v1-b2ad41412e9b8e341408b5f06701bbb836d255cc3e0ceb48be3c2cf4deba0711	FC-v1-helper-validation	op-v1-9a03658c5a22f236d7c1ed6a8e4dd239f57ce39a454a43d6890cf3e1212f178a	cell-v1-f40a30d9ab02f9ce63abb1f2c7ace0def0ea247b047aa1ef9ced40d73c8cb302	1
v1	westmere	countUTF16BE	shared-kernel-v1-b4345eb2883dcc7923cea49da2054faf7948001d0b8e492b669ce3be0bec353a	FC-v1-utf16-source	op-v1-f16145af648802b565b96f95a0b48d81e4b24c8a3e638548cb6d147d331ebf1b	cell-v1-1e2862eed8a7d9ea5cc628497cb0a97a7c7af026eb1aa93479532b4fc615179d	1
v1	westmere	convertUTF16LEToLatin1	shared-kernel-v1-c3ab71095807f1888f358bfd79b79ce7eda7f5459e6115804d3c395acfde52b0	FC-v1-utf16-source	op-v1-23e074688c6da1c3d0e4e2753a70d2f71051002554b52104e12d3ab4ad6edb82	cell-v1-7675a1015ce4a597aa5aee745821c024068602dbcd70aa38c83eb046feb8ff08	2
v1	westmere	detectEncodings	shared-kernel-v1-c599ce3cde8b09e1080bdb87057325a2317dc24470870c389c902a817150ea2d	FC-v1-detection	op-v1-8bf5280de3f19b673c2a0021cc5bd4e7d81ea47005039910cedb58431cb8b159	cell-v1-43046ebf5e307f3442cc384e544a9e43e359e0d4601b23a590a181ad5807db93	1
v1	westmere	convertUTF16BEToUTF8WithReplacement	shared-kernel-v1-ce630264a58dae14815cdca599d80afe2eef5b15a842a941d4f48f36b183adf6	FC-v1-utf16-source	op-v1-9dd40313a0fd1522ac7e341f3e47da0e7df68fd14fd7ecab7030f2497b9685d4	cell-v1-a2c7512a55559eca1630f7945e39494e53e0f1fc9cda3f4f56303abafb0fa99c	1
v1	westmere	convertUTF16LEToUTF8	shared-kernel-v1-dab7c2a6aec0c61dde49aff6d294105b5c7c93ee39d717b8d2651acd719f72e4	FC-v1-utf16-source	op-v1-9dd40313a0fd1522ac7e341f3e47da0e7df68fd14fd7ecab7030f2497b9685d4	cell-v1-2fdfe86498e6a32cd63be550fd6cfaff8b9c4ff930571a05dc2cc7be73257cb9	2
v1	westmere	utf32LengthFromUTF16BE	shared-kernel-v1-def9a0d62d461d778be9f81314f07a95fce546f3e7c1ad49073a8c34266e98f1	FC-v1-utf16-source	op-v1-6eea92180fce34d88c932293380df3d76d366c3edd7e0ec5957e9ab46316c226	cell-v1-63559b10a965b2ddd2f2da16a59ad3f897707002a389ac639836284ab8110c75	1
v1	westmere	utf8LengthFromLatin1	shared-kernel-v1-e753994b2895389b4ef9b3d7ecf0d4ad88dd9c649e293730b717e201db7d6f85	FC-v1-latin1-source	op-v1-f16145af648802b565b96f95a0b48d81e4b24c8a3e638548cb6d147d331ebf1b	cell-v1-2a21818f3119863b43c71aae9bbca4eb0c08a0e4851681568be06a2ce365db2d	1
v1	westmere	convertUTF8ToLatin1	shared-kernel-v1-eb2bf3516d9415312fc5af14f63878abc085c9dab45a5da2fea27d17d2c1d414	FC-v1-utf8-source	op-v1-9faf24b0d77040758b655ad10726a067ac785521ef338911bbc14377e4cd1124	cell-v1-184115d1ead5595b28392037d334563c5e54f7cdacdfda3f91591608d8364bdb	1
v1	westmere	convertUTF16BEToLatin1WithErrors	shared-kernel-v1-f177eaf5d76815db6a0a68af54351cb092f80ded8c097b214f4a2e611eae89f7	FC-v1-utf16-source	op-v1-23e074688c6da1c3d0e4e2753a70d2f71051002554b52104e12d3ab4ad6edb82	cell-v1-69984c985922eda96edc21b298368e28c533f292cf6076e22f6cdf3d52334016	1
v1	westmere	validateUTF16BEWithErrors	shared-kernel-v1-f62922119e23750fa9cff5197f4bd51b9b0daac1ebed10025cab3e07e7d41303	FC-v1-helper-validation	op-v1-746f2ddb034fd6031f7480dc27f8384c48b313010cdf7ce853d620b940e70a90	cell-v1-4fc0ee819f69d5fdbebf70417203348fc56831040a4208504114f990fee4a34a	1
v1	westmere	countUTF16LE	shared-kernel-v1-f8e02c9e2d47b5c7237063fc89f8b1372bd683d7a11dddef2871ebca1c4c3ac8	FC-v1-utf16-source	op-v1-f16145af648802b565b96f95a0b48d81e4b24c8a3e638548cb6d147d331ebf1b	cell-v1-733cb32c33c036cf5c82d072f353973bf949c862c3c49c0832ed72f03696aafc	1
v1	westmere	convertUTF16LEToUTF32	shared-kernel-v1-faadb3e611f0353796365ab0213ae6f5c15271ec3c771c43548b2cefd30045fd	FC-v1-utf16-source	op-v1-6eea92180fce34d88c932293380df3d76d366c3edd7e0ec5957e9ab46316c226	cell-v1-10e54865cd9bafa934e88bd924666caf563823defacf660c8e7719ceae906ee4	2
v1	westmere	convertValidUTF8ToLatin1	shared-kernel-v1-fb3f715c33da0d379a0ec3bb3f74104060a7ef58fb6cc8aa592382543afc150c	FC-v1-utf8-source	op-v1-9faf24b0d77040758b655ad10726a067ac785521ef338911bbc14377e4cd1124	cell-v1-9282d239c5ac034f38a7d509a23b4d3fc2dbd4d2d5189f93b58f4197004c6bbc	1
v1	westmere	binaryToBase64	shared-kernel-v1-fd1d39d9fecd1c2fa0faa639ef3cc3d9cbdaef5e0f51711e7732b1959f6a8085	FC-v1-base64	op-v1-848432663386540ad98bd7928ec1b28e69d62fd64d15c46ba10443166210a11b	cell-v1-017a4080a7bdf4ffb235a1a5b9b4cba9c52739ac8b30011ef90c2cebbe5ae593	1
v1	westmere	convertUTF16LEToUTF8WithErrors	shared-kernel-v1-fdc792d61d1a024f83b37870e357405a520c1f37c208ac45c6be82365b2c817f	FC-v1-utf16-source	op-v1-9dd40313a0fd1522ac7e341f3e47da0e7df68fd14fd7ecab7030f2497b9685d4	cell-v1-28f8b001cc7425d27feb8ed48e4b2103a5ed2db1111f2e1fab3754f8c5cffd37	1
v1	westmere	utf8LengthFromUTF16BE	shared-kernel-v1-fea278ee38692de51a6c774c242b7e24c255a44bc0a2c8a8d3546191f8eafd40	FC-v1-utf16-source	op-v1-9dd40313a0fd1522ac7e341f3e47da0e7df68fd14fd7ecab7030f2497b9685d4	cell-v1-bc948bd6f31cb2a7651f27c8ebf5367f74a46eab4c968385d07c1746f79814a2	1
